date,pe
2005-04-08,14.98
2005-04-11,15.12
2005-04-12,14.75
2005-04-13,15.12
2005-04-14,14.99
2005-04-15,14.79
2005-04-18,14.61
2005-04-19,14.58
2005-04-20,14.39
2005-04-21,14.3
2005-04-22,14.33
2005-04-25,14.15
2005-04-26,14.28
2005-04-27,14.09
2005-04-28,14.3
2005-04-29,13.99
2005-05-09,13.71
2005-05-10,13.81
2005-05-11,13.64
2005-05-12,13.32
2005-05-13,13.33
2005-05-16,13.16
2005-05-17,13.15
2005-05-18,13.15
2005-05-19,13.15
2005-05-20,13.12
2005-05-23,12.79
2005-05-24,12.75
2005-05-25,12.72
2005-05-26,12.56
2005-05-27,12.47
2005-05-30,12.57
2005-05-31,12.58
2005-06-01,12.3
2005-06-02,12.02
2005-06-03,11.98
2005-06-06,12.26
2005-06-07,12.19
2005-06-08,13.22
2005-06-09,13.39
2005-06-10,13.09
2005-06-13,13.06
2005-06-14,12.94
2005-06-15,12.71
2005-06-16,12.86
2005-06-17,12.85
2005-06-20,13.22
2005-06-21,13.03
2005-06-22,13.02
2005-06-23,12.95
2005-06-24,13.06
2005-06-27,13.31
2005-06-28,13.12
2005-06-29,13.06
2005-06-30,12.76
2005-07-01,12.47
2005-07-04,12.42
2005-07-05,12.31
2005-07-06,12.24
2005-07-07,12.3
2005-07-08,12.11
2005-07-11,12.04
2005-07-12,12.44
2005-07-13,12.34
2005-07-14,12.39
2005-07-15,12.26
2005-07-18,12.16
2005-07-19,12.16
2005-07-20,12.26
2005-07-21,12.28
2005-07-22,12.58
2005-07-25,12.56
2005-07-26,12.88
2005-07-27,13.08
2005-07-28,13.03
2005-07-29,12.94
2005-08-01,12.98
2005-08-02,13.15
2005-08-03,13.19
2005-08-04,13.14
2005-08-05,13.42
2005-08-08,13.52
2005-08-09,13.63
2005-08-10,13.75
2005-08-11,13.95
2005-08-12,13.73
2005-08-15,13.88
2005-08-16,13.58
2005-08-17,13.69
2005-08-18,13.11
2005-08-19,13.12
2005-08-22,13.23
2005-08-23,13.16
2005-08-24,13.33
2005-08-25,13.35
2005-08-26,13.35
2005-08-29,12.98
2005-08-30,12.85
2005-08-31,12.88
2005-09-01,13.1
2005-09-02,13.13
2005-09-05,13.13
2005-09-06,12.93
2005-09-07,13.12
2005-09-08,13.12
2005-09-09,13.09
2005-09-12,13.05
2005-09-13,13.23
2005-09-14,13.33
2005-09-15,13.31
2005-09-16,13.25
2005-09-19,13.27
2005-09-20,13.15
2005-09-21,12.87
2005-09-22,12.62
2005-09-23,12.57
2005-09-26,12.59
2005-09-27,12.37
2005-09-28,12.36
2005-09-29,12.6
2005-09-30,12.63
2005-10-10,12.47
2005-10-11,12.64
2005-10-12,12.65
2005-10-13,12.53
2005-10-14,12.38
2005-10-17,12.24
2005-10-18,12.31
2005-10-19,12.23
2005-10-20,12.27
2005-10-21,12.29
2005-10-24,12.26
2005-10-25,12.06
2005-10-26,11.76
2005-10-27,11.81
2005-10-28,11.7
2005-10-31,11.78
2005-11-01,11.91
2005-11-02,12.02
2005-11-03,11.94
2005-11-04,11.97
2005-11-07,11.92
2005-11-08,11.99
2005-11-09,11.99
2005-11-10,11.82
2005-11-11,11.83
2005-11-14,11.76
2005-11-15,11.77
2005-11-16,11.86
2005-11-17,11.86
2005-11-18,12.08
2005-11-21,12.06
2005-11-22,11.85
2005-11-23,11.92
2005-11-24,11.99
2005-11-25,12.01
2005-11-28,11.96
2005-11-29,11.84
2005-11-30,11.85
2005-12-01,11.85
2005-12-02,11.84
2005-12-05,11.75
2005-12-06,11.87
2005-12-07,12.0
2005-12-08,12.01
2005-12-09,12.15
2005-12-12,12.17
2005-12-13,12.2
2005-12-14,12.28
2005-12-15,12.28
2005-12-16,12.31
2005-12-19,12.36
2005-12-20,12.4
2005-12-21,12.34
2005-12-22,12.39
2005-12-23,12.48
2005-12-26,12.62
2005-12-27,12.56
2005-12-28,12.59
2005-12-29,12.74
2005-12-30,12.61
2006-01-04,12.81
2006-01-05,13.02
2006-01-06,13.12
2006-01-09,13.16
2006-01-10,13.21
2006-01-11,13.08
2006-01-12,13.21
2006-01-13,13.11
2006-01-16,12.92
2006-01-17,13.02
2006-01-18,13.26
2006-01-19,13.44
2006-01-20,13.49
2006-01-23,13.47
2006-01-24,13.44
2006-01-25,13.56
2006-02-06,13.9
2006-02-07,13.82
2006-02-08,13.88
2006-02-09,13.66
2006-02-10,13.8
2006-02-13,13.76
2006-02-14,13.84
2006-02-15,14.02
2006-02-16,13.72
2006-02-17,13.72
2006-02-20,13.78
2006-02-21,14.03
2006-02-22,13.99
2006-02-23,14.02
2006-02-24,14.09
2006-02-27,14.1
2006-02-28,14.08
2006-03-01,14.13
2006-03-02,13.86
2006-03-03,13.96
2006-03-06,13.89
2006-03-07,13.57
2006-03-08,13.44
2006-03-09,13.4
2006-03-10,13.4
2006-03-13,13.66
2006-03-14,13.64
2006-03-15,13.81
2006-03-16,13.79
2006-03-17,13.7
2006-03-20,13.91
2006-03-21,13.95
2006-03-22,14.01
2006-03-23,14.06
2006-03-24,14.01
2006-03-27,14.13
2006-03-28,14.15
2006-03-29,14.23
2006-03-30,14.07
2006-03-31,14.03
2006-04-03,13.82
2006-04-04,13.99
2006-04-05,14.08
2006-04-06,14.1
2006-04-07,14.06
2006-04-10,14.2
2006-04-11,14.31
2006-04-12,14.3
2006-04-13,14.13
2006-04-14,14.43
2006-04-17,14.68
2006-04-18,14.81
2006-04-19,14.86
2006-04-20,14.73
2006-04-21,15.29
2006-04-24,15.32
2006-04-25,15.33
2006-04-26,15.43
2006-04-27,15.49
2006-04-28,15.8
2006-05-08,16.64
2006-05-09,17.0
2006-05-10,17.12
2006-05-11,16.96
2006-05-12,17.64
2006-05-15,18.36
2006-05-16,17.84
2006-05-17,17.89
2006-05-18,17.73
2006-05-19,18.12
2006-05-22,17.99
2006-05-23,17.44
2006-05-24,17.4
2006-05-25,17.33
2006-05-26,17.55
2006-05-29,17.92
2006-05-30,17.94
2006-05-31,17.7
2006-06-01,18.07
2006-06-02,17.8
2006-06-05,17.93
2006-06-06,17.84
2006-06-07,16.92
2006-06-08,16.98
2006-06-09,16.57
2006-06-12,16.6
2006-06-13,16.49
2006-06-14,16.23
2006-06-15,16.25
2006-06-16,16.74
2006-06-19,16.87
2006-06-20,16.88
2006-06-21,16.96
2006-06-22,16.9
2006-06-23,16.99
2006-06-26,17.33
2006-06-27,17.37
2006-06-28,17.39
2006-06-29,17.76
2006-06-30,17.79
2006-07-03,18.29
2006-07-04,18.08
2006-07-05,17.79
2006-07-06,18.09
2006-07-07,17.94
2006-07-10,17.91
2006-07-11,17.97
2006-07-12,17.96
2006-07-13,17.09
2006-07-14,17.19
2006-07-17,17.4
2006-07-18,17.37
2006-07-19,19.18
2006-07-20,19.18
2006-07-21,19.24
2006-07-24,19.23
2006-07-25,19.45
2006-07-26,19.44
2006-07-27,19.31
2006-07-28,19.09
2006-07-31,18.52
2006-08-01,18.29
2006-08-02,18.29
2006-08-03,18.28
2006-08-04,17.96
2006-08-07,17.71
2006-08-08,18.11
2006-08-09,18.01
2006-08-10,18.31
2006-08-11,18.28
2006-08-14,17.91
2006-08-15,18.08
2006-08-16,18.34
2006-08-17,18.17
2006-08-18,18.06
2006-08-21,18.07
2006-08-22,18.18
2006-08-23,18.08
2006-08-24,18.15
2006-08-25,18.17
2006-08-28,18.45
2006-08-29,18.53
2006-08-30,18.61
2006-08-31,18.61
2006-09-01,18.4
2006-09-04,18.58
2006-09-05,18.62
2006-09-06,18.72
2006-09-07,18.39
2006-09-08,18.47
2006-09-11,18.55
2006-09-12,18.82
2006-09-13,18.78
2006-09-14,18.77
2006-09-15,19.16
2006-09-18,19.24
2006-09-19,19.25
2006-09-20,19.18
2006-09-21,19.27
2006-09-22,19.19
2006-09-25,19.12
2006-09-26,18.99
2006-09-27,19.12
2006-09-28,19.24
2006-09-29,19.39
2006-10-09,19.82
2006-10-10,19.16
2006-10-11,19.2
2006-10-12,19.13
2006-10-13,19.18
2006-10-16,19.01
2006-10-17,18.82
2006-10-18,19.04
2006-10-19,19.06
2006-10-20,19.07
2006-10-23,18.77
2006-10-24,19.24
2006-10-25,19.29
2006-10-26,19.3
2006-10-27,18.91
2006-10-30,18.52
2006-10-31,18.3
2006-11-01,18.54
2006-11-02,18.5
2006-11-03,18.61
2006-11-06,18.93
2006-11-07,19.01
2006-11-08,18.73
2006-11-09,19.05
2006-11-10,20.49
2006-11-13,20.43
2006-11-14,20.7
2006-11-15,21.12
2006-11-16,21.46
2006-11-17,21.83
2006-11-20,22.42
2006-11-21,22.66
2006-11-22,22.68
2006-11-23,22.91
2006-11-24,22.7
2006-11-27,22.57
2006-11-28,22.44
2006-11-29,22.64
2006-11-30,23.21
2006-12-01,23.18
2006-12-04,23.87
2006-12-05,23.95
2006-12-06,23.82
2006-12-07,23.86
2006-12-08,23.24
2006-12-11,24.28
2006-12-12,24.79
2006-12-13,24.83
2006-12-14,25.1
2006-12-15,25.4
2006-12-18,26.14
2006-12-19,26.52
2006-12-20,26.5
2006-12-21,26.15
2006-12-22,26.1
2006-12-25,27.36
2006-12-26,28.01
2006-12-27,28.68
2006-12-28,29.24
2006-12-29,30.66
2007-01-04,31.27
2007-01-05,30.13
2007-01-08,30.78
2007-01-09,32.01
2007-01-10,32.16
2007-01-11,31.39
2007-01-12,30.3
2007-01-15,31.78
2007-01-16,32.05
2007-01-17,31.49
2007-01-18,31.07
2007-01-19,31.91
2007-01-22,32.92
2007-01-23,37.6
2007-01-24,37.54
2007-01-25,35.98
2007-01-26,36.35
2007-01-29,37.04
2007-01-30,36.82
2007-01-31,34.95
2007-02-01,34.91
2007-02-02,33.34
2007-02-05,32.42
2007-02-06,33.19
2007-02-07,33.68
2007-02-08,33.86
2007-02-09,33.72
2007-02-12,34.67
2007-02-13,34.82
2007-02-14,35.75
2007-02-15,36.89
2007-02-16,36.85
2007-02-26,37.18
2007-02-27,33.84
2007-02-28,35.15
2007-03-01,34.07
2007-03-02,34.44
2007-03-05,33.79
2007-03-06,34.54
2007-03-07,35.19
2007-03-08,35.48
2007-03-09,35.56
2007-03-12,35.65
2007-03-13,35.7
2007-03-14,34.91
2007-03-15,36.19
2007-03-16,35.86
2007-03-19,36.84
2007-03-20,36.54
2007-03-21,36.77
2007-03-22,36.84
2007-03-23,35.01
2007-03-26,35.48
2007-03-27,35.55
2007-03-28,36.01
2007-03-29,36.61
2007-03-30,36.37
2007-04-02,36.84
2007-04-03,37.25
2007-04-04,35.82
2007-04-05,36.06
2007-04-06,36.07
2007-04-09,36.89
2007-04-10,37.03
2007-04-11,37.44
2007-04-12,37.36
2007-04-13,37.24
2007-04-16,36.77
2007-04-17,36.54
2007-04-18,35.8
2007-04-19,34.1
2007-04-20,35.33
2007-04-23,36.51
2007-04-24,36.49
2007-04-25,36.62
2007-04-26,36.71
2007-04-27,35.17
2007-04-30,34.88
2007-05-08,36.6
2007-05-09,37.26
2007-05-10,37.58
2007-05-11,37.22
2007-05-14,37.49
2007-05-15,36.12
2007-05-16,36.85
2007-05-17,37.31
2007-05-18,37.86
2007-05-21,38.1
2007-05-22,38.35
2007-05-23,38.89
2007-05-24,38.67
2007-05-25,38.8
2007-05-28,39.71
2007-05-29,40.78
2007-05-30,38.24
2007-05-31,39.27
2007-06-01,38.56
2007-06-04,35.36
2007-06-05,36.49
2007-06-06,36.56
2007-06-07,37.5
2007-06-08,37.65
2007-06-11,38.44
2007-06-12,39.08
2007-06-13,39.98
2007-06-14,39.35
2007-06-15,39.46
2007-06-18,40.61
2007-06-19,40.59
2007-06-20,39.75
2007-06-21,40.42
2007-06-22,39.3
2007-06-25,38.07
2007-06-26,38.36
2007-06-27,39.48
2007-06-28,38.0
2007-06-29,37.29
2007-07-02,37.87
2007-07-03,38.53
2007-07-04,37.71
2007-07-05,35.76
2007-07-06,37.36
2007-07-09,38.39
2007-07-10,38.53
2007-07-11,38.64
2007-07-12,39.14
2007-07-13,39.12
2007-07-16,38.24
2007-07-17,39.0
2007-07-18,39.37
2007-07-19,39.11
2007-07-20,40.58
2007-07-23,42.04
2007-07-24,41.96
2007-07-25,43.06
2007-07-26,42.92
2007-07-27,42.76
2007-07-30,43.73
2007-07-31,43.81
2007-08-01,42.25
2007-08-02,43.28
2007-08-03,44.96
2007-08-06,45.61
2007-08-07,45.87
2007-08-08,46.06
2007-08-09,47.08
2007-08-10,46.7
2007-08-13,47.45
2007-08-14,47.82
2007-08-15,47.24
2007-08-16,45.93
2007-08-17,43.82
2007-08-20,46.05
2007-08-21,45.73
2007-08-22,45.81
2007-08-23,46.14
2007-08-24,44.49
2007-08-27,44.4
2007-08-28,43.24
2007-08-29,42.06
2007-08-30,42.29
2007-08-31,42.64
2007-09-03,43.44
2007-09-04,43.19
2007-09-05,43.3
2007-09-06,43.92
2007-09-07,42.9
2007-09-10,43.46
2007-09-11,41.5
2007-09-12,42.03
2007-09-13,42.97
2007-09-14,43.28
2007-09-17,44.09
2007-09-18,44.0
2007-09-19,43.87
2007-09-20,44.56
2007-09-21,44.56
2007-09-24,44.9
2007-09-25,44.59
2007-09-26,43.79
2007-09-27,44.5
2007-09-28,45.73
2007-10-08,47.09
2007-10-09,47.27
2007-10-10,47.74
2007-10-11,49.16
2007-10-12,49.09
2007-10-15,50.18
2007-10-16,50.77
2007-10-17,50.25
2007-10-18,48.34
2007-10-19,48.17
2007-10-22,46.91
2007-10-23,49.0
2007-10-24,49.47
2007-10-25,47.04
2007-10-26,46.99
2007-10-29,47.17
2007-10-30,48.05
2007-10-31,47.84
2007-11-01,47.6
2007-11-02,46.15
2007-11-05,44.78
2007-11-06,43.96
2007-11-07,44.54
2007-11-08,42.29
2007-11-09,42.28
2007-11-12,41.36
2007-11-13,40.99
2007-11-14,43.05
2007-11-15,42.71
2007-11-16,42.23
2007-11-19,43.88
2007-11-20,43.87
2007-11-21,43.26
2007-11-22,41.32
2007-11-23,41.73
2007-11-26,41.1
2007-11-27,40.27
2007-11-28,39.68
2007-11-29,41.45
2007-11-30,40.32
2007-12-03,40.34
2007-12-04,40.79
2007-12-05,41.91
2007-12-06,41.83
2007-12-07,42.26
2007-12-10,42.79
2007-12-11,42.8
2007-12-12,42.05
2007-12-13,40.89
2007-12-14,41.3
2007-12-17,40.08
2007-12-18,39.76
2007-12-19,40.64
2007-12-20,41.49
2007-12-21,41.97
2007-12-24,43.05
2007-12-25,42.73
2007-12-26,42.92
2007-12-27,43.61
2007-12-28,43.17
2008-01-02,43.75
2008-01-03,44.13
2008-01-04,44.57
2008-01-07,44.71
2008-01-08,44.85
2008-01-09,45.2
2008-01-10,45.44
2008-01-11,45.71
2008-01-14,45.8
2008-01-15,45.28
2008-01-16,43.87
2008-01-17,42.68
2008-01-18,42.95
2008-01-21,40.53
2008-01-22,37.67
2008-01-23,38.77
2008-01-24,38.74
2008-01-25,39.14
2008-01-28,36.29
2008-01-29,36.51
2008-01-30,36.16
2008-01-31,35.92
2008-02-01,35.56
2008-02-04,38.47
2008-02-05,37.86
2008-02-13,36.89
2008-02-14,37.4
2008-02-15,36.91
2008-02-18,37.43
2008-02-19,38.25
2008-02-20,37.4
2008-02-21,36.97
2008-02-22,35.64
2008-02-25,34.14
2008-02-26,34.42
2008-02-27,35.22
2008-02-28,34.87
2008-02-29,35.24
2008-03-03,35.87
2008-03-04,34.91
2008-03-05,34.49
2008-03-06,35.07
2008-03-07,34.6
2008-03-10,33.25
2008-03-11,33.32
2008-03-12,32.57
2008-03-13,31.81
2008-03-14,31.72
2008-03-17,30.55
2008-03-18,29.31
2008-03-19,29.89
2008-03-20,29.98
2008-03-21,29.93
2008-03-24,28.48
2008-03-25,28.53
2008-03-26,27.86
2008-03-27,26.37
2008-03-28,27.68
2008-03-31,26.89
2008-04-01,25.83
2008-04-02,26.12
2008-04-03,26.94
2008-04-07,28.48
2008-04-08,28.54
2008-04-09,27.02
2008-04-10,27.35
2008-04-11,27.47
2008-04-14,25.91
2008-04-15,26.29
2008-04-16,25.85
2008-04-17,25.31
2008-04-18,24.28
2008-04-21,24.36
2008-04-22,24.58
2008-04-23,24.86
2008-04-24,27.13
2008-04-25,26.72
2008-04-28,26.57
2008-04-29,26.82
2008-04-30,27.41
2008-05-05,27.9
2008-05-06,27.62
2008-05-07,26.46
2008-05-08,26.97
2008-05-09,26.61
2008-05-12,26.67
2008-05-13,26.18
2008-05-14,26.93
2008-05-15,26.78
2008-05-16,26.69
2008-05-19,26.51
2008-05-20,25.35
2008-05-21,26.11
2008-05-22,25.61
2008-05-23,25.54
2008-05-26,24.74
2008-05-27,24.82
2008-05-28,25.45
2008-05-29,25.04
2008-05-30,25.3
2008-06-02,25.46
2008-06-03,25.3
2008-06-04,24.84
2008-06-05,24.71
2008-06-06,24.56
2008-06-10,22.66
2008-06-11,22.27
2008-06-12,21.77
2008-06-13,21.15
2008-06-16,21.26
2008-06-17,20.73
2008-06-18,21.81
2008-06-19,20.43
2008-06-20,21.05
2008-06-23,20.49
2008-06-24,20.78
2008-06-25,21.51
2008-06-26,21.45
2008-06-27,20.32
2008-06-30,20.19
2008-07-01,19.71
2008-07-02,19.6
2008-07-03,19.91
2008-07-04,19.66
2008-07-07,20.55
2008-07-08,20.68
2008-07-09,21.5
2008-07-10,21.22
2008-07-11,21.06
2008-07-14,21.17
2008-07-15,20.39
2008-07-16,19.89
2008-07-17,19.77
2008-07-18,20.45
2008-07-21,21.05
2008-07-22,20.92
2008-07-23,20.89
2008-07-24,21.43
2008-07-25,21.08
2008-07-28,21.32
2008-07-29,20.91
2008-07-30,20.82
2008-07-31,20.38
2008-08-01,20.58
2008-08-04,20.14
2008-08-05,19.77
2008-08-06,20.03
2008-08-07,20.05
2008-08-08,19.14
2008-08-11,18.22
2008-08-12,18.16
2008-08-13,18.03
2008-08-14,17.93
2008-08-15,17.99
2008-08-18,17.1
2008-08-19,17.22
2008-08-20,18.5
2008-08-21,17.72
2008-08-22,17.35
2008-08-25,17.08
2008-08-26,16.66
2008-08-27,16.39
2008-08-28,16.73
2008-08-29,16.98
2008-09-01,16.49
2008-09-02,16.31
2008-09-03,16.1
2008-09-04,16.09
2008-09-05,15.59
2008-09-08,15.27
2008-09-09,15.27
2008-09-10,15.28
2008-09-11,14.72
2008-09-12,14.73
2008-09-16,13.97
2008-09-17,13.46
2008-09-18,13.26
2008-09-19,14.52
2008-09-22,15.71
2008-09-23,15.54
2008-09-24,15.58
2008-09-25,16.16
2008-09-26,16.15
2008-10-06,15.26
2008-10-07,15.16
2008-10-08,14.64
2008-10-09,14.51
2008-10-10,14.01
2008-10-13,14.6
2008-10-14,14.23
2008-10-15,14.09
2008-10-16,13.48
2008-10-17,13.62
2008-10-20,13.87
2008-10-21,13.76
2008-10-22,13.32
2008-10-23,13.13
2008-10-24,12.84
2008-10-27,12.09
2008-10-28,12.58
2008-10-29,12.16
2008-10-30,12.35
2008-10-31,12.07
2008-11-03,12.05
2008-11-04,11.99
2008-11-05,12.37
2008-11-06,12.06
2008-11-07,12.28
2008-11-10,13.16
2008-11-11,12.95
2008-11-12,13.04
2008-11-13,13.48
2008-11-14,13.87
2008-11-17,14.1
2008-11-18,13.21
2008-11-19,13.98
2008-11-20,13.73
2008-11-21,13.65
2008-11-24,13.16
2008-11-25,13.11
2008-11-26,13.18
2008-11-27,13.32
2008-11-28,12.96
2008-12-01,13.06
2008-12-02,13.0
2008-12-03,13.53
2008-12-04,13.83
2008-12-05,13.92
2008-12-08,14.4
2008-12-09,14.03
2008-12-10,14.31
2008-12-11,13.98
2008-12-12,13.43
2008-12-15,13.48
2008-12-16,13.54
2008-12-17,13.53
2008-12-18,13.8
2008-12-19,13.79
2008-12-22,13.54
2008-12-23,12.97
2008-12-24,12.75
2008-12-25,12.67
2008-12-26,12.67
2008-12-29,12.61
2008-12-30,12.48
2008-12-31,12.42
2009-01-05,12.91
2009-01-06,13.28
2009-01-07,13.14
2009-01-08,12.81
2009-01-09,12.98
2009-01-12,12.92
2009-01-13,12.67
2009-01-14,13.12
2009-01-15,13.06
2009-01-16,13.33
2009-01-19,13.62
2009-01-20,13.67
2009-01-21,13.64
2009-01-22,13.76
2009-01-23,13.65
2009-02-02,13.75
2009-02-03,14.07
2009-02-04,14.4
2009-02-05,14.34
2009-02-06,14.91
2009-02-09,15.2
2009-02-10,15.46
2009-02-11,15.44
2009-02-12,15.27
2009-02-13,15.78
2009-02-16,16.27
2009-02-17,15.81
2009-02-18,15.04
2009-02-19,15.14
2009-02-20,15.34
2009-02-23,15.62
2009-02-24,14.9
2009-02-25,14.93
2009-02-26,14.43
2009-02-27,14.26
2009-03-02,14.32
2009-03-03,14.15
2009-03-04,15.04
2009-03-05,15.21
2009-03-06,15.02
2009-03-09,14.52
2009-03-10,14.88
2009-03-11,14.74
2009-03-12,14.69
2009-03-13,14.68
2009-03-16,14.85
2009-03-17,15.3
2009-03-18,15.34
2009-03-19,15.61
2009-03-20,15.78
2009-03-23,16.09
2009-03-24,16.17
2009-03-25,15.98
2009-03-26,16.67
2009-03-27,16.81
2009-03-30,16.93
2009-03-31,17.09
2009-04-01,17.12
2009-04-02,17.3
2009-04-03,17.32
2009-04-07,17.43
2009-04-08,16.77
2009-04-09,17.07
2009-04-10,17.59
2009-04-13,18.18
2009-04-14,18.25
2009-04-15,18.42
2009-04-16,18.45
2009-04-17,18.22
2009-04-20,18.69
2009-04-21,18.5
2009-04-22,18.02
2009-04-23,18.68
2009-04-24,18.58
2009-04-27,18.43
2009-04-28,18.21
2009-04-29,18.93
2009-04-30,19.13
2009-05-04,19.78
2009-05-05,19.8
2009-05-06,19.95
2009-05-07,20.04
2009-05-08,20.31
2009-05-11,19.99
2009-05-12,20.26
2009-05-13,20.63
2009-05-14,20.41
2009-05-15,20.45
2009-05-18,20.5
2009-05-19,20.66
2009-05-20,20.48
2009-05-21,20.16
2009-05-22,20.05
2009-05-25,20.15
2009-05-26,19.92
2009-05-27,20.33
2009-06-01,21.05
2009-06-02,21.05
2009-06-03,21.56
2009-06-04,21.45
2009-06-05,21.33
2009-06-08,21.54
2009-06-09,21.74
2009-06-10,21.95
2009-06-11,21.82
2009-06-12,21.39
2009-06-15,21.9
2009-06-16,21.8
2009-06-17,22.08
2009-06-18,22.52
2009-06-19,22.77
2009-06-22,22.95
2009-06-23,23.0
2009-06-24,23.17
2009-06-25,23.2
2009-06-26,23.24
2009-06-29,23.58
2009-06-30,23.42
2009-07-01,23.97
2009-07-02,24.4
2009-07-03,24.63
2009-07-06,24.98
2009-07-07,24.62
2009-07-08,24.46
2009-07-09,24.71
2009-07-10,24.63
2009-07-13,24.3
2009-07-14,24.79
2009-07-15,25.06
2009-07-16,25.08
2009-07-17,25.05
2009-07-20,25.65
2009-07-21,25.27
2009-07-22,25.92
2009-07-23,26.21
2009-07-24,26.55
2009-07-27,27.0
2009-07-28,27.0
2009-07-29,25.76
2009-07-30,26.31
2009-07-31,26.96
2009-08-03,27.27
2009-08-04,27.31
2009-08-05,26.93
2009-08-06,26.37
2009-08-07,25.58
2009-08-10,25.47
2009-08-11,25.62
2009-08-12,24.45
2009-08-13,24.81
2009-08-14,24.15
2009-08-17,22.75
2009-08-18,22.9
2009-08-19,21.94
2009-08-20,22.91
2009-08-21,23.27
2009-08-24,22.85
2009-08-25,22.19
2009-08-26,22.5
2009-08-27,22.37
2009-08-28,21.52
2009-08-31,19.88
2009-09-01,20.09
2009-09-02,20.42
2009-09-03,21.37
2009-09-04,21.46
2009-09-07,21.58
2009-09-08,21.97
2009-09-09,22.04
2009-09-10,21.89
2009-09-11,22.44
2009-09-14,22.69
2009-09-15,22.68
2009-09-16,22.38
2009-09-17,22.81
2009-09-18,22.11
2009-09-21,22.12
2009-09-22,21.66
2009-09-23,21.28
2009-09-24,21.41
2009-09-25,21.31
2009-09-28,20.75
2009-09-29,20.75
2009-09-30,20.96
2009-10-09,21.92
2009-10-12,21.79
2009-10-13,22.07
2009-10-14,22.27
2009-10-15,22.33
2009-10-16,22.29
2009-10-19,22.7
2009-10-20,23.08
2009-10-21,22.99
2009-10-22,22.79
2009-10-23,23.29
2009-10-26,23.0
2009-10-27,22.21
2009-10-28,22.62
2009-10-29,22.25
2009-10-30,22.01
2009-11-02,22.68
2009-11-03,22.88
2009-11-04,22.96
2009-11-05,23.11
2009-11-06,23.17
2009-11-09,23.21
2009-11-10,23.26
2009-11-11,23.2
2009-11-12,23.16
2009-11-13,23.24
2009-11-16,23.89
2009-11-17,23.97
2009-11-18,24.14
2009-11-19,24.19
2009-11-20,24.06
2009-11-23,24.22
2009-11-24,23.44
2009-11-25,23.83
2009-11-26,23.04
2009-11-27,22.54
2009-11-30,23.21
2009-12-01,23.42
2009-12-02,23.64
2009-12-03,23.55
2009-12-04,24.14
2009-12-07,24.21
2009-12-08,23.91
2009-12-09,23.51
2009-12-10,23.6
2009-12-11,23.55
2009-12-14,24.03
2009-12-15,23.78
2009-12-16,23.63
2009-12-17,23.16
2009-12-18,22.74
2009-12-21,22.76
2009-12-22,22.27
2009-12-23,22.44
2009-12-24,23.0
2009-12-25,22.87
2009-12-28,23.2
2009-12-29,23.38
2009-12-30,23.87
2009-12-31,23.99
2010-01-04,23.83
2010-01-05,24.08
2010-01-06,23.83
2010-01-07,23.32
2010-01-08,23.31
2010-01-11,23.42
2010-01-12,23.82
2010-01-13,22.92
2010-01-14,23.15
2010-01-15,23.2
2010-01-18,23.26
2010-01-19,23.32
2010-01-20,22.65
2010-01-21,22.74
2010-01-22,22.64
2010-01-25,22.4
2010-01-26,21.94
2010-01-27,21.66
2010-01-28,21.65
2010-01-29,21.6
2010-02-01,21.23
2010-02-02,21.21
2010-02-03,21.76
2010-02-04,21.59
2010-02-05,21.19
2010-02-08,21.15
2010-02-09,21.24
2010-02-10,21.48
2010-02-11,21.51
2010-02-12,21.77
2010-02-22,21.62
2010-02-23,21.37
2010-02-24,21.61
2010-02-25,21.87
2010-02-26,21.76
2010-03-01,22.01
2010-03-02,21.88
2010-03-03,22.0
2010-03-04,21.53
2010-03-05,21.56
2010-03-08,21.68
2010-03-09,21.82
2010-03-10,21.65
2010-03-11,21.71
2010-03-12,21.36
2010-03-15,21.04
2010-03-16,21.1
2010-03-17,21.49
2010-03-18,21.4
2010-03-19,21.57
2010-03-22,21.6
2010-03-23,21.39
2010-03-24,21.05
2010-03-25,21.15
2010-03-26,21.28
2010-03-29,21.57
2010-03-30,21.63
2010-03-31,21.38
2010-04-01,21.38
2010-04-02,21.61
2010-04-06,21.59
2010-04-07,21.47
2010-04-08,20.86
2010-04-09,21.05
2010-04-12,20.83
2010-04-13,21.2
2010-04-14,21.08
2010-04-15,21.09
2010-04-16,20.82
2010-04-19,19.57
2010-04-20,19.47
2010-04-21,19.71
2010-04-22,19.37
2010-04-23,19.24
2010-04-26,19.01
2010-04-27,18.49
2010-04-28,18.06
2010-04-29,17.59
2010-04-30,17.14
2010-05-04,16.91
2010-05-05,16.95
2010-05-06,16.23
2010-05-07,15.94
2010-05-10,16.07
2010-05-11,15.8
2010-05-12,15.97
2010-05-13,16.28
2010-05-14,16.16
2010-05-17,15.4
2010-05-18,15.65
2010-05-19,15.59
2010-05-20,15.44
2010-05-21,15.61
2010-05-24,16.1
2010-05-25,15.75
2010-05-26,15.75
2010-05-27,15.91
2010-05-28,15.89
2010-05-31,15.56
2010-06-01,15.45
2010-06-02,15.41
2010-06-03,15.3
2010-06-04,15.28
2010-06-07,14.97
2010-06-08,14.96
2010-06-09,15.41
2010-06-10,15.25
2010-06-11,15.31
2010-06-17,15.29
2010-06-18,15.08
2010-06-21,15.54
2010-06-22,15.54
2010-06-23,15.41
2010-06-24,15.4
2010-06-25,15.34
2010-06-28,15.25
2010-06-29,14.64
2010-06-30,14.51
2010-07-01,14.53
2010-07-02,14.62
2010-07-05,14.52
2010-07-06,14.8
2010-07-07,14.85
2010-07-08,14.78
2010-07-09,15.11
2010-07-12,15.22
2010-07-13,14.97
2010-07-14,15.08
2010-07-15,14.82
2010-07-16,14.81
2010-07-19,15.15
2010-07-20,15.44
2010-07-21,15.46
2010-07-22,15.62
2010-07-23,15.69
2010-07-26,15.76
2010-07-27,15.67
2010-07-28,16.03
2010-07-29,15.98
2010-07-30,15.89
2010-08-02,16.11
2010-08-03,15.82
2010-08-04,15.86
2010-08-05,15.7
2010-08-06,15.9
2010-08-09,15.94
2010-08-10,15.5
2010-08-11,15.55
2010-08-12,15.32
2010-08-13,15.48
2010-08-16,15.78
2010-08-17,15.82
2010-08-18,15.73
2010-08-19,15.83
2010-08-20,15.54
2010-08-23,15.41
2010-08-24,15.45
2010-08-25,15.13
2010-08-26,15.09
2010-08-27,14.89
2010-08-30,14.87
2010-08-31,14.7
2010-09-01,14.64
2010-09-02,14.75
2010-09-03,14.73
2010-09-06,14.99
2010-09-07,14.99
2010-09-08,14.95
2010-09-09,14.73
2010-09-10,14.74
2010-09-13,14.86
2010-09-14,14.84
2010-09-15,14.64
2010-09-16,14.38
2010-09-17,14.37
2010-09-20,14.33
2010-09-21,14.38
2010-09-27,14.54
2010-09-28,14.43
2010-09-29,14.44
2010-09-30,14.7
2010-10-08,15.2
2010-10-11,15.64
2010-10-12,15.85
2010-10-13,16.0
2010-10-14,16.18
2010-10-15,16.79
2010-10-18,16.74
2010-10-19,17.0
2010-10-20,17.04
2010-10-21,16.89
2010-10-22,16.84
2010-10-25,17.25
2010-10-26,17.12
2010-10-27,16.79
2010-10-28,16.49
2010-10-29,16.02
2010-11-01,16.18
2010-11-02,16.13
2010-11-03,16.07
2010-11-04,16.34
2010-11-05,16.57
2010-11-08,16.67
2010-11-09,16.52
2010-11-10,16.41
2010-11-11,16.6
2010-11-12,15.8
2010-11-15,15.86
2010-11-16,15.19
2010-11-17,14.95
2010-11-18,15.15
2010-11-19,15.22
2010-11-22,15.15
2010-11-23,14.86
2010-11-24,14.98
2010-11-25,15.17
2010-11-26,15.02
2010-11-29,14.99
2010-11-30,14.82
2010-12-01,14.83
2010-12-02,14.98
2010-12-03,14.99
2010-12-06,15.11
2010-12-07,15.21
2010-12-08,15.05
2010-12-09,14.86
2010-12-10,15.01
2010-12-13,15.44
2010-12-14,15.46
2010-12-15,15.37
2010-12-16,15.36
2010-12-17,15.31
2010-12-20,15.09
2010-12-21,15.39
2010-12-22,15.25
2010-12-23,15.17
2010-12-24,15.08
2010-12-27,14.84
2010-12-28,14.61
2010-12-29,14.69
2010-12-30,14.74
2010-12-31,14.99
2011-01-04,15.4
2011-01-05,15.3
2011-01-06,15.19
2011-01-07,15.31
2011-01-10,15.09
2011-01-11,15.18
2011-01-12,15.26
2011-01-13,15.32
2011-01-14,15.16
2011-01-17,14.64
2011-01-18,14.62
2011-01-19,14.86
2011-01-20,14.43
2011-01-21,14.63
2011-01-24,14.54
2011-01-25,14.48
2011-01-26,14.62
2011-01-27,14.83
2011-01-28,14.83
2011-01-31,15.03
2011-02-01,15.05
2011-02-09,14.85
2011-02-10,15.07
2011-02-11,15.12
2011-02-14,15.54
2011-02-15,15.52
2011-02-16,15.63
2011-02-17,15.61
2011-02-18,15.5
2011-02-21,15.65
2011-02-22,15.26
2011-02-23,15.25
2011-02-24,15.32
2011-02-25,15.33
2011-02-28,15.45
2011-03-01,15.62
2011-03-02,15.58
2011-03-03,15.57
2011-03-04,15.78
2011-03-07,16.08
2011-03-08,16.06
2011-03-09,16.06
2011-03-10,15.79
2011-03-11,15.65
2011-03-14,15.65
2011-03-15,15.4
2011-03-16,15.58
2011-03-17,15.42
2011-03-18,15.24
2011-03-21,15.28
2011-03-22,15.34
2011-03-23,15.53
2011-03-24,15.5
2011-03-25,15.6
2011-03-28,15.56
2011-03-29,15.41
2011-03-30,15.31
2011-03-31,15.02
2011-04-01,15.02
2011-04-06,15.36
2011-04-07,15.41
2011-04-08,15.5
2011-04-11,15.47
2011-04-12,15.44
2011-04-13,15.61
2011-04-14,15.56
2011-04-15,15.61
2011-04-18,15.63
2011-04-19,15.28
2011-04-20,15.27
2011-04-21,15.36
2011-04-22,15.25
2011-04-25,15.02
2011-04-26,14.95
2011-04-27,14.87
2011-04-28,14.58
2011-04-29,14.16
2011-05-03,14.14
2011-05-04,13.8
2011-05-05,13.83
2011-05-06,13.76
2011-05-09,13.78
2011-05-10,13.86
2011-05-11,13.82
2011-05-12,13.64
2011-05-13,13.76
2011-05-16,13.64
2011-05-17,13.69
2011-05-18,13.79
2011-05-19,13.73
2011-05-20,13.75
2011-05-23,13.36
2011-05-24,13.33
2011-05-25,13.2
2011-05-26,13.2
2011-05-27,13.16
2011-05-30,13.2
2011-05-31,13.35
2011-06-01,13.33
2011-06-02,13.13
2011-06-03,13.22
2011-06-07,13.29
2011-06-08,13.31
2011-06-09,13.12
2011-06-10,13.12
2011-06-13,13.09
2011-06-14,13.22
2011-06-15,13.1
2011-06-16,12.94
2011-06-17,12.87
2011-06-20,12.79
2011-06-21,12.91
2011-06-22,12.94
2011-06-23,13.13
2011-06-24,13.38
2011-06-27,13.41
2011-06-28,13.41
2011-06-29,13.28
2011-06-30,13.43
2011-07-01,13.56
2011-07-04,13.8
2011-07-05,13.79
2011-07-06,13.74
2011-07-07,13.65
2011-07-08,13.67
2011-07-11,13.66
2011-07-12,13.43
2011-07-13,13.63
2011-07-14,13.68
2011-07-15,13.73
2011-07-18,13.7
2011-07-19,13.6
2011-07-20,13.59
2011-07-21,13.48
2011-07-22,13.49
2011-07-25,13.13
2011-07-26,13.2
2011-07-27,13.26
2011-07-28,13.19
2011-07-29,13.18
2011-08-01,13.17
2011-08-02,13.05
2011-08-03,13.05
2011-08-04,13.06
2011-08-05,12.8
2011-08-08,12.37
2011-08-09,12.35
2011-08-10,12.44
2011-08-11,12.58
2011-08-12,12.61
2011-08-15,12.77
2011-08-16,12.62
2011-08-17,12.56
2011-08-18,12.34
2011-08-19,12.18
2011-08-22,11.98
2011-08-23,12.13
2011-08-24,12.06
2011-08-25,12.38
2011-08-26,12.21
2011-08-29,12.0
2011-08-30,11.97
2011-08-31,11.99
2011-09-01,11.95
2011-09-02,11.82
2011-09-05,11.61
2011-09-06,11.56
2011-09-07,11.76
2011-09-08,11.7
2011-09-09,11.7
2011-09-13,11.59
2011-09-14,11.63
2011-09-15,11.59
2011-09-16,11.62
2011-09-19,11.42
2011-09-20,11.46
2011-09-21,11.75
2011-09-22,11.43
2011-09-23,11.38
2011-09-26,11.18
2011-09-27,11.29
2011-09-28,11.21
2011-09-29,11.15
2011-09-30,11.13
2011-10-10,11.07
2011-10-11,11.1
2011-10-12,11.42
2011-10-13,11.49
2011-10-14,11.47
2011-10-17,11.53
2011-10-18,11.29
2011-10-19,11.26
2011-10-20,11.05
2011-10-21,11.01
2011-10-24,11.26
2011-10-25,11.42
2011-10-26,11.47
2011-10-27,11.4
2011-10-28,11.39
2011-10-31,11.22
2011-11-01,11.23
2011-11-02,11.38
2011-11-03,11.39
2011-11-04,11.49
2011-11-07,11.39
2011-11-08,11.39
2011-11-09,11.47
2011-11-10,11.25
2011-11-11,11.26
2011-11-14,11.47
2011-11-15,11.45
2011-11-16,11.17
2011-11-17,11.15
2011-11-18,10.96
2011-11-21,10.95
2011-11-22,10.94
2011-11-23,10.87
2011-11-24,10.89
2011-11-25,10.81
2011-11-28,10.83
2011-11-29,10.95
2011-11-30,10.64
2011-12-01,10.89
2011-12-02,10.81
2011-12-05,10.75
2011-12-06,10.71
2011-12-07,10.73
2011-12-08,10.72
2011-12-09,10.66
2011-12-12,10.56
2011-12-13,10.4
2011-12-14,10.33
2011-12-15,10.13
2011-12-16,10.31
2011-12-19,10.27
2011-12-20,10.25
2011-12-21,10.16
2011-12-22,10.17
2011-12-23,10.25
2011-12-26,10.17
2011-12-27,10.08
2011-12-28,10.11
2011-12-29,10.14
2011-12-30,10.26
2012-01-04,10.24
2012-01-05,10.19
2012-01-06,10.26
2012-01-09,10.54
2012-01-10,10.8
2012-01-11,10.74
2012-01-12,10.71
2012-01-13,10.61
2012-01-16,10.46
2012-01-17,10.86
2012-01-18,10.71
2012-01-19,10.87
2012-01-20,10.98
2012-01-30,10.79
2012-01-31,10.82
2012-02-01,10.7
2012-02-02,10.92
2012-02-03,10.99
2012-02-06,10.97
2012-02-07,10.79
2012-02-08,11.05
2012-02-09,11.06
2012-02-10,11.05
2012-02-13,11.02
2012-02-14,10.98
2012-02-15,11.07
2012-02-16,11.01
2012-02-17,11.02
2012-02-20,11.05
2012-02-21,11.13
2012-02-22,11.22
2012-02-23,11.24
2012-02-24,11.39
2012-02-27,11.43
2012-02-28,11.46
2012-02-29,11.35
2012-03-01,11.33
2012-03-02,11.48
2012-03-05,11.38
2012-03-06,11.22
2012-03-07,11.15
2012-03-08,11.26
2012-03-09,11.33
2012-03-12,11.28
2012-03-13,11.37
2012-03-14,11.12
2012-03-15,11.07
2012-03-16,11.18
2012-03-19,11.19
2012-03-20,11.05
2012-03-21,11.05
2012-03-22,11.04
2012-03-23,10.95
2012-03-26,10.96
2012-03-27,11.0
2012-03-28,10.8
2012-03-29,10.64
2012-03-30,10.73
2012-04-05,10.87
2012-04-06,10.88
2012-04-09,10.79
2012-04-10,10.88
2012-04-11,10.89
2012-04-12,11.03
2012-04-13,11.05
2012-04-16,11.02
2012-04-17,10.97
2012-04-18,11.19
2012-04-19,11.15
2012-04-20,11.27
2012-04-23,11.17
2012-04-24,11.22
2012-04-25,11.28
2012-04-26,11.25
2012-04-27,11.23
2012-05-02,11.22
2012-05-03,11.22
2012-05-04,11.28
2012-05-07,11.28
2012-05-08,11.25
2012-05-09,11.06
2012-05-10,11.06
2012-05-11,10.99
2012-05-14,10.9
2012-05-15,10.88
2012-05-16,10.73
2012-05-17,10.87
2012-05-18,10.72
2012-05-21,10.76
2012-05-22,10.87
2012-05-23,10.82
2012-05-24,10.77
2012-05-25,10.69
2012-05-28,10.82
2012-05-29,10.94
2012-05-30,10.9
2012-05-31,10.84
2012-06-01,10.85
2012-06-04,10.59
2012-06-05,10.6
2012-06-06,10.6
2012-06-07,10.53
2012-06-08,10.47
2012-06-11,10.57
2012-06-12,10.5
2012-06-13,10.61
2012-06-14,10.5
2012-06-15,10.56
2012-06-18,10.6
2012-06-19,10.53
2012-06-20,10.51
2012-06-21,10.37
2012-06-25,10.17
2012-06-26,10.16
2012-06-27,10.15
2012-06-28,10.07
2012-06-29,10.2
2012-07-02,10.34
2012-07-03,10.36
2012-07-04,10.35
2012-07-05,10.26
2012-07-06,10.36
2012-07-09,10.13
2012-07-10,10.11
2012-07-11,10.15
2012-07-12,10.19
2012-07-13,10.21
2012-07-16,10.07
2012-07-17,10.12
2012-07-18,10.13
2012-07-19,10.19
2012-07-20,10.1
2012-07-23,9.97
2012-07-24,9.98
2012-07-25,9.93
2012-07-26,9.89
2012-07-27,9.92
2012-07-30,9.87
2012-07-31,9.91
2012-08-01,9.99
2012-08-02,9.93
2012-08-03,10.0
2012-08-06,10.08
2012-08-07,10.07
2012-08-08,10.1
2012-08-09,10.16
2012-08-10,10.11
2012-08-13,9.97
2012-08-14,9.99
2012-08-15,9.89
2012-08-16,9.86
2012-08-17,9.85
2012-08-20,9.81
2012-08-21,9.84
2012-08-22,9.8
2012-08-23,9.81
2012-08-24,9.73
2012-08-27,9.58
2012-08-28,9.63
2012-08-29,9.56
2012-08-30,9.54
2012-08-31,9.47
2012-09-03,9.51
2012-09-04,9.43
2012-09-05,9.39
2012-09-06,9.44
2012-09-07,9.8
2012-09-10,9.82
2012-09-11,9.75
2012-09-12,9.76
2012-09-13,9.7
2012-09-14,9.78
2012-09-17,9.58
2012-09-18,9.49
2012-09-19,9.51
2012-09-20,9.34
2012-09-21,9.35
2012-09-24,9.38
2012-09-25,9.38
2012-09-26,9.28
2012-09-27,9.54
2012-09-28,9.68
2012-10-08,9.62
2012-10-09,9.8
2012-10-10,9.81
2012-10-11,9.74
2012-10-12,9.76
2012-10-15,9.74
2012-10-16,9.74
2012-10-17,9.76
2012-10-18,9.85
2012-10-19,9.84
2012-10-22,9.85
2012-10-23,9.76
2012-10-24,9.75
2012-10-25,9.71
2012-10-26,9.51
2012-10-29,9.47
2012-10-30,9.49
2012-10-31,9.46
2012-11-01,9.63
2012-11-02,9.68
2012-11-05,9.66
2012-11-06,9.64
2012-11-07,9.63
2012-11-08,9.5
2012-11-09,9.49
2012-11-12,9.53
2012-11-13,9.4
2012-11-14,9.44
2012-11-15,9.33
2012-11-16,9.26
2012-11-19,9.25
2012-11-20,9.21
2012-11-21,9.31
2012-11-22,9.25
2012-11-23,9.3
2012-11-26,9.25
2012-11-27,9.19
2012-11-28,9.15
2012-11-29,9.1
2012-11-30,9.17
2012-12-03,9.09
2012-12-04,9.15
2012-12-05,9.41
2012-12-06,9.4
2012-12-07,9.53
2012-12-10,9.62
2012-12-11,9.59
2012-12-12,9.63
2012-12-13,9.54
2012-12-14,9.96
2012-12-17,9.99
2012-12-18,10.0
2012-12-19,10.01
2012-12-20,10.03
2012-12-21,9.95
2012-12-24,9.97
2012-12-25,10.23
2012-12-26,10.24
2012-12-27,10.19
2012-12-28,10.31
2012-12-31,10.49
2013-01-04,10.58
2013-01-07,10.6
2013-01-08,10.52
2013-01-09,10.53
2013-01-10,10.56
2013-01-11,10.41
2013-01-14,10.73
2013-01-15,10.76
2013-01-16,10.67
2013-01-17,10.56
2013-01-18,10.7
2013-01-21,10.71
2013-01-22,10.67
2013-01-23,10.7
2013-01-24,10.71
2013-01-25,10.64
2013-01-28,10.9
2013-01-29,10.94
2013-01-30,11.08
2013-01-31,11.1
2013-02-01,11.29
2013-02-04,11.33
2013-02-05,11.34
2013-02-06,11.34
2013-02-07,11.24
2013-02-08,11.29
2013-02-18,11.22
2013-02-19,11.03
2013-02-20,11.07
2013-02-21,10.73
2013-02-22,10.66
2013-02-25,10.7
2013-02-26,10.55
2013-02-27,10.66
2013-02-28,10.91
2013-03-01,10.86
2013-03-04,10.43
2013-03-05,10.68
2013-03-06,10.76
2013-03-07,10.64
2013-03-08,10.62
2013-03-11,10.58
2013-03-12,10.49
2013-03-13,10.4
2013-03-14,10.43
2013-03-15,10.5
2013-03-18,10.3
2013-03-19,10.38
2013-03-20,10.67
2013-03-21,10.68
2013-03-22,10.7
2013-03-25,10.62
2013-03-26,10.47
2013-03-27,10.42
2013-03-28,10.07
2013-03-29,10.1
2013-04-01,10.11
2013-04-02,10.1
2013-04-03,10.11
2013-04-08,10.05
2013-04-09,10.1
2013-04-10,10.09
2013-04-11,10.07
2013-04-12,10.02
2013-04-15,9.92
2013-04-16,9.98
2013-04-17,9.96
2013-04-18,9.99
2013-04-19,10.21
2013-04-22,10.18
2013-04-23,9.91
2013-04-24,10.02
2013-04-25,9.92
2013-04-26,9.75
2013-05-02,9.62
2013-05-03,9.75
2013-05-06,9.86
2013-05-07,9.86
2013-05-08,9.92
2013-05-09,9.86
2013-05-10,9.91
2013-05-13,9.86
2013-05-14,9.73
2013-05-15,9.76
2013-05-16,9.9
2013-05-17,10.05
2013-05-20,10.11
2013-05-21,10.12
2013-05-22,10.12
2013-05-23,9.99
2013-05-24,10.02
2013-05-27,10.02
2013-05-28,10.17
2013-05-29,10.17
2013-05-30,10.13
2013-05-31,10.05
2013-06-03,10.05
2013-06-04,9.95
2013-06-05,9.93
2013-06-06,9.82
2013-06-07,9.69
2013-06-13,9.42
2013-06-14,9.47
2013-06-17,9.42
2013-06-18,9.44
2013-06-19,9.36
2013-06-20,9.1
2013-06-21,9.01
2013-06-24,8.54
2013-06-25,8.54
2013-06-26,8.49
2013-06-27,8.51
2013-06-28,8.68
2013-07-01,8.83
2013-07-02,8.87
2013-07-03,8.81
2013-07-04,8.86
2013-07-05,8.89
2013-07-08,8.7
2013-07-09,8.73
2013-07-10,8.89
2013-07-11,9.19
2013-07-12,9.03
2013-07-15,9.1
2013-07-16,9.12
2013-07-17,9.02
2013-07-18,8.9
2013-07-19,8.79
2013-07-22,8.82
2013-07-23,8.99
2013-07-24,8.92
2013-07-25,8.89
2013-07-26,8.83
2013-07-29,8.68
2013-07-30,8.76
2013-07-31,8.76
2013-08-01,8.91
2013-08-02,8.9
2013-08-05,9.0
2013-08-06,9.03
2013-08-07,8.96
2013-08-08,8.95
2013-08-09,8.98
2013-08-12,9.2
2013-08-13,9.2
2013-08-14,9.17
2013-08-15,9.09
2013-08-16,9.05
2013-08-19,9.09
2013-08-20,9.0
2013-08-21,8.99
2013-08-22,8.95
2013-08-23,8.86
2013-08-26,8.99
2013-08-27,8.99
2013-08-28,8.94
2013-08-29,8.86
2013-08-30,8.76
2013-09-02,8.76
2013-09-03,8.87
2013-09-04,8.86
2013-09-05,8.85
2013-09-06,8.89
2013-09-09,9.22
2013-09-10,9.29
2013-09-11,9.33
2013-09-12,9.41
2013-09-13,9.33
2013-09-16,9.3
2013-09-17,9.12
2013-09-18,9.11
2013-09-23,9.24
2013-09-24,9.15
2013-09-25,9.1
2013-09-26,8.96
2013-09-27,8.98
2013-09-30,9.02
2013-10-08,9.11
2013-10-09,9.14
2013-10-10,9.05
2013-10-11,9.19
2013-10-14,9.2
2013-10-15,9.16
2013-10-16,9.04
2013-10-17,9.03
2013-10-18,9.05
2013-10-21,9.18
2013-10-22,9.09
2013-10-23,9.01
2013-10-24,8.93
2013-10-25,8.81
2013-10-28,8.77
2013-10-29,8.8
2013-10-30,8.83
2013-10-31,8.64
2013-11-01,8.69
2013-11-04,8.68
2013-11-05,8.68
2013-11-06,8.61
2013-11-07,8.59
2013-11-08,8.51
2013-11-11,8.54
2013-11-12,8.6
2013-11-13,8.44
2013-11-14,8.48
2013-11-15,8.61
2013-11-18,8.85
2013-11-19,8.81
2013-11-20,8.86
2013-11-21,8.85
2013-11-22,8.83
2013-11-25,8.77
2013-11-26,8.75
2013-11-27,8.82
2013-11-28,8.9
2013-11-29,8.89
2013-12-02,8.93
2013-12-03,8.96
2013-12-04,9.04
2013-12-05,9.01
2013-12-06,8.98
2013-12-09,8.97
2013-12-10,8.96
2013-12-11,8.82
2013-12-12,8.81
2013-12-13,8.77
2013-12-16,8.79
2013-12-17,8.75
2013-12-18,8.74
2013-12-19,8.67
2013-12-20,8.46
2013-12-23,8.53
2013-12-24,8.53
2013-12-25,8.58
2013-12-26,8.45
2013-12-27,8.57
2013-12-30,8.53
2013-12-31,8.62
2014-01-02,8.59
2014-01-03,8.49
2014-01-06,8.36
2014-01-07,8.34
2014-01-08,8.33
2014-01-09,8.27
2014-01-10,8.22
2014-01-13,8.21
2014-01-14,8.27
2014-01-15,8.24
2014-01-16,8.23
2014-01-17,8.17
2014-01-20,8.1
2014-01-21,8.16
2014-01-22,8.32
2014-01-23,8.27
2014-01-24,8.3
2014-01-27,8.21
2014-01-28,8.24
2014-01-29,8.28
2014-01-30,8.2
2014-02-07,8.21
2014-02-10,8.37
2014-02-11,8.44
2014-02-12,8.45
2014-02-13,8.43
2014-02-14,8.47
2014-02-17,8.52
2014-02-18,8.4
2014-02-19,8.52
2014-02-20,8.51
2014-02-21,8.42
2014-02-24,8.24
2014-02-25,8.1
2014-02-26,8.12
2014-02-27,8.15
2014-02-28,8.19
2014-03-03,8.22
2014-03-04,8.19
2014-03-05,8.11
2014-03-06,8.15
2014-03-07,8.14
2014-03-10,7.94
2014-03-11,7.95
2014-03-12,7.94
2014-03-13,8.03
2014-03-14,7.96
2014-03-17,8.02
2014-03-18,8.01
2014-03-19,8.0
2014-03-20,7.91
2014-03-21,8.12
2014-03-24,8.2
2014-03-25,8.17
2014-03-26,8.18
2014-03-27,8.13
2014-03-28,8.13
2014-03-31,8.11
2014-04-01,8.16
2014-04-02,8.22
2014-04-03,8.15
2014-04-04,8.21
2014-04-08,8.4
2014-04-09,8.42
2014-04-10,8.54
2014-04-11,8.53
2014-04-14,8.52
2014-04-15,8.4
2014-04-16,8.41
2014-04-17,8.38
2014-04-18,8.36
2014-04-21,8.26
2014-04-22,8.29
2014-04-23,8.29
2014-04-24,8.25
2014-04-25,8.16
2014-04-28,8.05
2014-04-29,8.07
2014-04-30,7.96
2014-05-05,7.95
2014-05-06,7.94
2014-05-07,7.89
2014-05-08,7.9
2014-05-09,7.9
2014-05-12,8.04
2014-05-13,8.03
2014-05-14,8.03
2014-05-15,7.95
2014-05-16,7.96
2014-05-19,7.87
2014-05-20,7.88
2014-05-21,7.95
2014-05-22,7.94
2014-05-23,7.99
2014-05-26,8.01
2014-05-27,7.98
2014-05-28,8.05
2014-05-29,8.03
2014-05-30,8.02
2014-06-03,8.02
2014-06-04,7.97
2014-06-05,8.03
2014-06-06,7.98
2014-06-09,7.99
2014-06-10,8.09
2014-06-11,8.09
2014-06-12,8.07
2014-06-13,8.15
2014-06-16,8.34
2014-06-17,8.26
2014-06-18,8.22
2014-06-19,8.11
2014-06-20,8.11
2014-06-23,8.09
2014-06-24,8.12
2014-06-25,8.09
2014-06-26,8.13
2014-06-27,8.1
2014-06-30,8.15
2014-07-01,8.14
2014-07-02,8.17
2014-07-03,8.19
2014-07-04,8.18
2014-07-07,8.18
2014-07-08,8.2
2014-07-09,8.09
2014-07-10,8.04
2014-07-11,8.06
2014-07-14,8.12
2014-07-15,8.14
2014-07-16,8.14
2014-07-17,8.09
2014-07-18,8.1
2014-07-21,8.09
2014-07-22,8.17
2014-07-23,8.19
2014-07-24,8.32
2014-07-25,8.41
2014-07-28,8.64
2014-07-29,8.65
2014-07-30,8.63
2014-07-31,8.72
2014-08-01,8.66
2014-08-04,8.81
2014-08-05,8.78
2014-08-06,8.76
2014-08-07,8.63
2014-08-08,8.64
2014-08-11,8.76
2014-08-12,8.73
2014-08-13,8.73
2014-08-14,8.64
2014-08-15,8.72
2014-08-18,8.75
2014-08-19,8.75
2014-08-20,8.7
2014-08-21,8.65
2014-08-22,8.68
2014-08-25,8.6
2014-08-26,8.53
2014-08-27,8.5
2014-08-28,8.42
2014-08-29,8.45
2014-09-01,8.47
2014-09-02,8.57
2014-09-03,8.66
2014-09-04,8.72
2014-09-05,8.8
2014-09-09,8.78
2014-09-10,8.73
2014-09-11,8.69
2014-09-12,8.75
2014-09-15,8.74
2014-09-16,8.61
2014-09-17,8.64
2014-09-18,8.66
2014-09-19,8.7
2014-09-22,8.53
2014-09-23,8.59
2014-09-24,8.72
2014-09-25,8.71
2014-09-26,8.71
2014-09-29,8.73
2014-09-30,8.74
2014-10-08,8.8
2014-10-09,8.82
2014-10-10,8.77
2014-10-13,8.72
2014-10-14,8.7
2014-10-15,8.75
2014-10-16,8.71
2014-10-17,8.69
2014-10-20,8.73
2014-10-21,8.67
2014-10-22,8.64
2014-10-23,8.56
2014-10-24,8.53
2014-10-27,8.45
2014-10-28,8.59
2014-10-29,8.67
2014-10-30,8.71
2014-10-31,8.79
2014-11-03,8.77
2014-11-04,8.78
2014-11-05,8.73
2014-11-06,8.74
2014-11-07,8.72
2014-11-10,8.94
2014-11-11,9.02
2014-11-12,9.07
2014-11-13,9.04
2014-11-14,9.05
2014-11-17,8.98
2014-11-18,8.87
2014-11-19,8.85
2014-11-20,8.85
2014-11-21,8.99
2014-11-24,9.17
2014-11-25,9.29
2014-11-26,9.44
2014-11-27,9.55
2014-11-28,9.83
2014-12-01,9.86
2014-12-02,10.25
2014-12-03,10.29
2014-12-04,10.81
2014-12-05,11.1
2014-12-08,11.47
2014-12-09,10.79
2014-12-10,11.1
2014-12-11,10.94
2014-12-12,10.98
2014-12-15,11.2
2014-12-16,11.54
2014-12-17,11.78
2014-12-18,11.72
2014-12-19,11.96
2014-12-22,12.21
2014-12-23,11.83
2014-12-24,11.46
2014-12-25,11.89
2014-12-26,12.28
2014-12-29,12.36
2014-12-30,12.43
2014-12-31,12.74
2015-01-05,13.24
2015-01-06,13.25
2015-01-07,13.31
2015-01-08,12.95
2015-01-09,12.95
2015-01-12,12.77
2015-01-13,12.77
2015-01-14,12.75
2015-01-15,13.24
2015-01-16,13.39
2015-01-19,12.27
2015-01-20,12.43
2015-01-21,13.08
2015-01-22,13.11
2015-01-23,13.14
2015-01-26,13.16
2015-01-27,13.1
2015-01-28,12.86
2015-01-29,12.66
2015-01-30,12.46
2015-02-02,12.09
2015-02-03,12.42
2015-02-04,12.27
2015-02-05,12.12
2015-02-06,11.89
2015-02-09,12.0
2015-02-10,12.21
2015-02-11,12.29
2015-02-12,12.33
2015-02-13,12.44
2015-02-16,12.5
2015-02-17,12.6
2015-02-25,12.49
2015-02-26,12.79
2015-02-27,12.81
2015-03-02,12.91
2015-03-03,12.54
2015-03-04,12.59
2015-03-05,12.42
2015-03-06,12.39
2015-03-09,12.66
2015-03-10,12.54
2015-03-11,12.57
2015-03-12,12.86
2015-03-13,12.91
2015-03-16,13.18
2015-03-17,13.36
2015-03-18,13.66
2015-03-19,13.62
2015-03-20,13.75
2015-03-23,14.09
2015-03-24,14.1
2015-03-25,13.91
2015-03-26,14.01
2015-03-27,14.2
2015-03-30,14.62
2015-03-31,14.46
2015-04-01,14.68
2015-04-02,14.67
2015-04-03,14.75
2015-04-07,15.12
2015-04-08,15.3
2015-04-09,15.15
2015-04-10,15.44
2015-04-13,15.77
2015-04-14,15.79
2015-04-15,15.69
2015-04-16,16.17
2015-04-17,16.5
2015-04-20,16.17
2015-04-21,16.42
2015-04-22,16.75
2015-04-23,16.72
2015-04-24,16.57
2015-04-27,17.13
2015-04-28,17.17
2015-04-29,16.97
2015-04-30,16.58
2015-05-04,16.71
2015-05-05,16.03
2015-05-06,15.83
2015-05-07,15.46
2015-05-08,15.77
2015-05-11,16.17
2015-05-12,16.34
2015-05-13,16.21
2015-05-14,16.15
2015-05-15,15.84
2015-05-18,15.65
2015-05-19,16.16
2015-05-20,16.22
2015-05-21,16.33
2015-05-22,16.76
2015-05-25,17.27
2015-05-26,17.52
2015-05-27,17.49
2015-05-28,16.36
2015-05-29,16.34
2015-06-01,17.16
2015-06-02,17.36
2015-06-03,17.3
2015-06-04,17.53
2015-06-05,17.71
2015-06-08,18.49
2015-06-09,18.37
2015-06-10,18.23
2015-06-11,18.16
2015-06-12,18.26
2015-06-15,18.27
2015-06-16,17.71
2015-06-17,17.99
2015-06-18,17.25
2015-06-19,16.26
2015-06-23,16.8
2015-06-24,17.21
2015-06-25,16.64
2015-06-26,15.45
2015-06-29,15.16
2015-06-30,16.11
2015-07-01,15.3
2015-07-02,15.07
2015-07-03,14.31
2015-07-06,14.98
2015-07-07,15.12
2015-07-08,14.21
2015-07-09,14.99
2015-07-10,15.58
2015-07-13,15.65
2015-07-14,15.23
2015-07-15,14.97
2015-07-16,14.97
2015-07-17,15.35
2015-07-20,15.38
2015-07-21,15.36
2015-07-22,15.29
2015-07-23,15.57
2015-07-24,15.27
2015-07-27,13.97
2015-07-28,13.87
2015-07-29,14.2
2015-07-30,13.87
2015-07-31,13.82
2015-08-03,13.86
2015-08-04,14.21
2015-08-05,13.91
2015-08-06,13.76
2015-08-07,14.0
2015-08-10,14.6
2015-08-11,14.52
2015-08-12,14.34
2015-08-13,14.51
2015-08-14,14.47
2015-08-17,14.41
2015-08-18,13.67
2015-08-19,13.75
2015-08-20,13.34
2015-08-21,12.79
2015-08-24,11.63
2015-08-25,10.76
2015-08-26,10.77
2015-08-27,11.32
2015-08-28,11.78
2015-08-31,11.69
2015-09-01,11.86
2015-09-02,12.03
2015-09-07,11.5
2015-09-08,11.74
2015-09-09,11.94
2015-09-10,11.81
2015-09-11,11.74
2015-09-14,11.58
2015-09-15,11.25
2015-09-16,11.7
2015-09-17,11.46
2015-09-18,11.47
2015-09-21,11.61
2015-09-22,11.71
2015-09-23,11.45
2015-09-24,11.5
2015-09-25,11.39
2015-09-28,11.38
2015-09-29,11.16
2015-09-30,11.22
2015-10-08,11.53
2015-10-09,11.66
2015-10-12,12.01
2015-10-13,11.97
2015-10-14,11.86
2015-10-15,12.08
2015-10-16,12.23
2015-10-19,12.23
2015-10-20,12.34
2015-10-21,12.14
2015-10-22,12.23
2015-10-23,12.34
2015-10-26,12.41
2015-10-27,12.4
2015-10-28,12.19
2015-10-29,12.24
2015-10-30,12.44
2015-11-02,12.1
2015-11-03,12.04
2015-11-04,12.57
2015-11-05,12.85
2015-11-06,13.1
2015-11-09,13.33
2015-11-10,13.28
2015-11-11,13.25
2015-11-12,13.11
2015-11-13,12.96
2015-11-16,13.01
2015-11-17,13.02
2015-11-18,12.92
2015-11-19,13.06
2015-11-20,13.05
2015-11-23,12.99
2015-11-24,12.98
2015-11-25,13.07
2015-11-26,13.01
2015-11-27,12.36
2015-11-30,12.41
2015-12-01,12.44
2015-12-02,12.91
2015-12-03,13.07
2015-12-04,12.78
2015-12-07,12.78
2015-12-08,12.56
2015-12-09,12.6
2015-12-10,12.54
2015-12-11,12.48
2015-12-14,13.02
2015-12-15,12.94
2015-12-16,12.93
2015-12-17,13.14
2015-12-18,13.17
2015-12-21,13.44
2015-12-22,13.45
2015-12-23,13.44
2015-12-24,13.33
2015-12-25,13.31
2015-12-28,12.97
2015-12-29,13.07
2015-12-30,13.05
2015-12-31,13.01
2016-01-04,12.21
2016-01-05,12.22
2016-01-06,12.44
2016-01-07,11.67
2016-01-08,11.91
2016-01-11,11.36
2016-01-12,11.42
2016-01-13,11.21
2016-01-14,11.39
2016-01-15,11.03
2016-01-18,11.04
2016-01-19,11.35
2016-01-20,11.22
2016-01-21,10.92
2016-01-22,11.03
2016-01-25,11.08
2016-01-26,10.44
2016-01-27,10.41
2016-01-28,10.19
2016-01-29,10.47
2016-02-01,10.34
2016-02-02,10.52
2016-02-03,10.46
2016-02-04,10.57
2016-02-05,10.51
2016-02-15,10.42
2016-02-16,10.73
2016-02-17,10.82
2016-02-18,10.79
2016-02-19,10.76
2016-02-22,11.01
2016-02-23,10.9
2016-02-24,10.97
2016-02-25,10.35
2016-02-26,10.46
2016-02-29,10.26
2016-03-01,10.42
2016-03-02,10.82
2016-03-03,10.85
2016-03-04,11.05
2016-03-07,11.05
2016-03-08,11.06
2016-03-09,10.98
2016-03-10,10.77
2016-03-11,10.81
2016-03-14,10.94
2016-03-15,10.98
2016-03-16,11.06
2016-03-17,11.16
2016-03-18,11.31
2016-03-21,11.52
2016-03-22,11.43
2016-03-23,11.47
2016-03-24,11.34
2016-03-25,11.4
2016-03-28,11.3
2016-03-29,11.19
2016-03-30,11.4
2016-03-31,11.44
2016-04-01,11.48
2016-04-05,11.59
2016-04-06,11.56
2016-04-07,11.41
2016-04-08,11.32
2016-04-11,11.47
2016-04-12,11.45
2016-04-13,11.6
2016-04-14,11.65
2016-04-15,11.66
2016-04-18,11.52
2016-04-19,11.54
2016-04-20,11.36
2016-04-21,11.29
2016-04-22,11.34
2016-04-25,11.29
2016-04-26,11.34
2016-04-27,11.29
2016-04-28,11.27
2016-04-29,11.32
2016-05-03,11.47
2016-05-04,11.44
2016-05-05,11.46
2016-05-06,11.2
2016-05-09,10.97
2016-05-10,10.98
2016-05-11,11.04
2016-05-12,11.06
2016-05-13,11.02
2016-05-16,11.08
2016-05-17,11.06
2016-05-18,11.0
2016-05-19,10.98
2016-05-20,11.03
2016-05-23,11.07
2016-05-24,11.0
2016-05-25,10.98
2016-05-26,11.01
2016-05-27,11.0
2016-05-30,11.03
2016-05-31,11.36
2016-06-01,11.33
2016-06-02,11.34
2016-06-03,11.41
2016-06-06,11.4
2016-06-07,11.4
2016-06-08,11.36
2016-06-13,11.15
2016-06-14,11.17
2016-06-15,11.28
2016-06-16,11.21
2016-06-17,11.25
2016-06-20,11.27
2016-06-21,11.25
2016-06-22,11.34
2016-06-23,11.3
2016-06-24,11.15
2016-06-27,11.28
2016-06-28,11.33
2016-06-29,11.39
2016-06-30,11.37
2016-07-01,11.38
2016-07-04,11.55
2016-07-05,11.58
2016-07-06,11.6
2016-07-07,11.59
2016-07-08,11.48
2016-07-11,11.55
2016-07-12,11.8
2016-07-13,11.84
2016-07-14,11.8
2016-07-15,11.82
2016-07-18,11.8
2016-07-19,11.75
2016-07-20,11.7
2016-07-21,11.75
2016-07-22,11.68
2016-07-25,11.72
2016-07-26,11.85
2016-07-27,11.71
2016-07-28,11.7
2016-07-29,11.7
2016-08-01,11.67
2016-08-02,11.7
2016-08-03,11.71
2016-08-04,11.72
2016-08-05,11.72
2016-08-08,11.81
2016-08-09,11.89
2016-08-10,11.86
2016-08-11,11.86
2016-08-12,12.08
2016-08-15,12.42
2016-08-16,12.31
2016-08-17,12.28
2016-08-18,12.23
2016-08-19,12.25
2016-08-22,12.19
2016-08-23,12.23
2016-08-24,12.18
2016-08-25,12.14
2016-08-26,12.23
2016-08-29,12.3
2016-08-30,12.31
2016-08-31,12.36
2016-09-01,12.28
2016-09-02,12.32
2016-09-05,12.33
2016-09-06,12.37
2016-09-07,12.37
2016-09-08,12.37
2016-09-09,12.31
2016-09-12,12.12
2016-09-13,12.1
2016-09-14,12.01
2016-09-19,12.08
2016-09-20,12.06
2016-09-21,12.08
2016-09-22,12.17
2016-09-23,12.13
2016-09-26,11.95
2016-09-27,12.02
2016-09-28,11.98
2016-09-29,12.03
2016-09-30,12.05
2016-10-10,12.19
2016-10-11,12.23
2016-10-12,12.2
2016-10-13,12.2
2016-10-14,12.22
2016-10-17,12.12
2016-10-18,12.29
2016-10-19,12.28
2016-10-20,12.29
2016-10-21,12.33
2016-10-24,12.48
2016-10-25,12.43
2016-10-26,12.38
2016-10-27,12.33
2016-10-28,12.19
2016-10-31,12.08
2016-11-01,12.15
2016-11-02,12.05
2016-11-03,12.16
2016-11-04,12.12
2016-11-07,12.13
2016-11-08,12.19
2016-11-09,12.12
2016-11-10,12.25
2016-11-11,12.33
2016-11-14,12.39
2016-11-15,12.37
2016-11-16,12.37
2016-11-17,12.39
2016-11-18,12.32
2016-11-21,12.43
2016-11-22,12.54
2016-11-23,12.56
2016-11-24,12.59
2016-11-25,12.71
2016-11-28,12.78
2016-11-29,12.89
2016-11-30,12.75
2016-12-01,12.84
2016-12-02,12.77
2016-12-05,12.59
2016-12-06,12.54
2016-12-07,12.57
2016-12-08,12.56
2016-12-09,12.69
2016-12-12,12.68
2016-12-13,12.63
2016-12-14,12.56
2016-12-15,12.36
2016-12-16,12.37
2016-12-19,12.33
2016-12-20,12.25
2016-12-21,12.38
2016-12-22,12.39
2016-12-23,12.31
2016-12-26,12.36
2016-12-27,12.31
2016-12-28,12.27
2016-12-29,12.26
2016-12-30,12.31
2017-01-03,12.42
2017-01-04,12.51
2017-01-05,12.53
2017-01-06,12.5
2017-01-09,12.55
2017-01-10,12.53
2017-01-11,12.46
2017-01-12,12.42
2017-01-13,12.46
2017-01-16,12.51
2017-01-17,12.52
2017-01-18,12.56
2017-01-19,12.53
2017-01-20,12.6
2017-01-23,12.62
2017-01-24,12.66
2017-01-25,12.71
2017-01-26,12.78
2017-02-03,12.69
2017-02-06,12.72
2017-02-07,12.69
2017-02-08,12.74
2017-02-09,12.79
2017-02-10,12.85
2017-02-13,12.93
2017-02-14,12.93
2017-02-15,12.93
2017-02-16,12.96
2017-02-17,12.87
2017-02-20,13.04
2017-02-21,13.08
2017-02-22,13.11
2017-02-23,13.05
2017-02-24,13.04
2017-02-27,12.95
2017-02-28,12.97
2017-03-01,12.99
2017-03-02,12.91
2017-03-03,12.86
2017-03-06,12.9
2017-03-07,12.93
2017-03-08,12.92
2017-03-09,12.84
2017-03-10,12.82
2017-03-13,12.93
2017-03-14,12.94
2017-03-15,12.96
2017-03-16,13.01
2017-03-17,12.89
2017-03-20,12.89
2017-03-21,12.95
2017-03-22,12.86
2017-03-23,12.89
2017-03-24,12.96
2017-03-27,12.88
2017-03-28,12.83
2017-03-29,12.82
2017-03-30,12.74
2017-03-31,12.85
2017-04-05,13.05
2017-04-06,13.07
2017-04-07,13.1
2017-04-10,13.07
2017-04-11,13.17
2017-04-12,13.18
2017-04-13,13.19
2017-04-14,13.1
2017-04-17,13.06
2017-04-18,12.98
2017-04-19,12.89
2017-04-20,12.92
2017-04-21,13.03
2017-04-24,12.94
2017-04-25,12.91
2017-04-26,12.99
2017-04-27,12.97
2017-04-28,12.69
2017-05-02,12.47
2017-05-03,12.42
2017-05-04,12.4
2017-05-05,12.35
2017-05-08,12.31
2017-05-09,12.28
2017-05-10,12.25
2017-05-11,12.34
2017-05-12,12.47
2017-05-15,12.5
2017-05-16,12.54
2017-05-17,12.54
2017-05-18,12.44
2017-05-19,12.44
2017-05-22,12.49
2017-05-23,12.59
2017-05-24,12.58
2017-05-25,12.79
2017-05-26,12.8
2017-05-31,12.85
2017-06-01,12.91
2017-06-02,12.85
2017-06-05,12.73
2017-06-06,12.79
2017-06-07,12.91
2017-06-08,12.98
2017-06-09,13.03
2017-06-12,13.19
2017-06-13,13.2
2017-06-14,13.06
2017-06-15,13.01
2017-06-16,12.96
2017-06-19,13.05
2017-06-20,13.04
2017-06-21,13.15
2017-06-22,13.19
2017-06-23,13.28
2017-06-26,13.38
2017-06-27,13.4
2017-06-28,13.32
2017-06-29,13.4
2017-06-30,13.39
2017-07-03,13.35
2017-07-04,13.28
2017-07-05,13.38
2017-07-06,13.4
2017-07-07,13.39
2017-07-10,13.39
2017-07-11,13.44
2017-07-12,13.41
2017-07-13,13.52
2017-07-14,13.56
2017-07-17,13.55
2017-07-18,13.54
2017-07-19,13.7
2017-07-20,13.76
2017-07-21,13.7
2017-07-24,13.74
2017-07-25,13.72
2017-07-26,13.74
2017-07-27,13.73
2017-07-28,13.75
2017-07-31,13.78
2017-08-01,13.9
2017-08-02,13.89
2017-08-03,13.78
2017-08-04,13.73
2017-08-07,13.77
2017-08-08,13.79
2017-08-09,13.72
2017-08-10,13.68
2017-08-11,13.48
2017-08-14,13.59
2017-08-15,13.67
2017-08-16,13.65
2017-08-17,13.71
2017-08-18,13.7
2017-08-21,13.76
2017-08-22,13.79
2017-08-23,13.84
2017-08-24,13.8
2017-08-25,14.09
2017-08-28,14.18
2017-08-29,14.15
2017-08-30,14.07
2017-08-31,13.88
2017-09-01,13.8
2017-09-04,13.87
2017-09-05,13.94
2017-09-06,13.91
2017-09-07,13.84
2017-09-08,13.82
2017-09-11,13.82
2017-09-12,13.86
2017-09-13,13.86
2017-09-14,13.8
2017-09-15,13.76
2017-09-18,13.78
2017-09-19,13.77
2017-09-20,13.79
2017-09-21,13.83
2017-09-22,13.84
2017-09-25,13.84
2017-09-26,13.84
2017-09-27,13.81
2017-09-28,13.81
2017-09-29,13.83
2017-10-09,13.95
2017-10-10,13.98
2017-10-11,14.03
2017-10-12,14.04
2017-10-13,14.04
2017-10-16,14.05
2017-10-17,14.03
2017-10-18,14.16
2017-10-19,14.15
2017-10-20,14.12
2017-10-23,14.1
2017-10-24,14.19
2017-10-25,14.19
2017-10-26,14.16
2017-10-27,14.16
2017-10-30,13.99
2017-10-31,13.84
2017-11-01,13.84
2017-11-02,13.87
2017-11-03,13.84
2017-11-06,13.88
2017-11-07,14.0
2017-11-08,13.98
2017-11-09,14.02
2017-11-10,14.05
2017-11-13,14.12
2017-11-14,14.04
2017-11-15,13.94
2017-11-16,13.97
2017-11-17,14.09
2017-11-20,14.18
2017-11-21,14.34
2017-11-22,14.46
2017-11-23,14.1
2017-11-24,14.1
2017-11-27,13.94
2017-11-28,13.92
2017-11-29,13.92
2017-11-30,13.81
2017-12-01,13.77
2017-12-04,13.8
2017-12-05,13.92
2017-12-06,13.83
2017-12-07,13.69
2017-12-08,13.74
2017-12-11,14.01
2017-12-12,13.83
2017-12-13,13.93
2017-12-14,13.85
2017-12-15,13.72
2017-12-18,13.76
2017-12-19,13.93
2017-12-20,13.93
2017-12-21,14.0
2017-12-22,13.97
2017-12-25,13.96
2017-12-26,14.05
2017-12-27,13.88
2017-12-28,13.99
2017-12-29,14.05
2018-01-02,14.25
2018-01-03,14.32
2018-01-04,14.37
2018-01-05,14.41
2018-01-08,14.47
2018-01-09,14.52
2018-01-10,14.63
2018-01-11,14.65
2018-01-12,14.7
2018-01-15,14.72
2018-01-16,14.8
2018-01-17,14.84
2018-01-18,15.03
2018-01-19,15.12
2018-01-22,15.21
2018-01-23,15.52
2018-01-24,15.53
2018-01-25,15.44
2018-01-26,15.51
2018-01-29,15.31
2018-01-30,15.1
2018-01-31,15.19
2018-02-01,15.19
2018-02-02,15.3
2018-02-05,15.43
2018-02-06,14.99
2018-02-07,14.56
2018-02-08,14.27
2018-02-09,13.69
2018-02-12,13.76
2018-02-13,13.93
2018-02-14,14.0
2018-02-22,14.33
2018-02-23,14.41
2018-02-26,14.54
2018-02-27,14.3
2018-02-28,14.12
2018-03-01,14.18
2018-03-02,14.08
2018-03-05,14.08
2018-03-06,14.21
2018-03-07,14.15
2018-03-08,14.23
2018-03-09,14.3
2018-03-12,14.33
2018-03-13,14.23
2018-03-14,14.17
2018-03-15,14.21
2018-03-16,14.09
2018-03-19,14.15
2018-03-20,14.21
2018-03-21,14.05
2018-03-22,13.94
2018-03-23,13.57
2018-03-26,13.39
2018-03-27,13.44
2018-03-28,13.2
2018-03-29,13.39
2018-03-30,13.37
2018-04-02,13.29
2018-04-03,13.19
2018-04-04,13.15
2018-04-09,13.16
2018-04-10,13.44
2018-04-11,13.51
2018-04-12,13.35
2018-04-13,13.24
2018-04-16,12.99
2018-04-17,12.82
2018-04-18,12.91
2018-04-19,13.03
2018-04-20,12.87
2018-04-23,12.89
2018-04-24,13.12
2018-04-25,13.02
2018-04-26,12.8
2018-04-27,12.74
2018-05-02,12.56
2018-05-03,12.63
2018-05-04,12.57
2018-05-07,12.75
2018-05-08,12.88
2018-05-09,12.87
2018-05-10,12.93
2018-05-11,12.91
2018-05-14,13.0
2018-05-15,13.04
2018-05-16,12.91
2018-05-17,12.84
2018-05-18,13.02
2018-05-21,13.05
2018-05-22,12.99
2018-05-23,12.79
2018-05-24,12.7
2018-05-25,12.66
2018-05-28,12.68
2018-05-29,12.6
2018-05-30,12.33
2018-05-31,12.55
2018-06-01,12.47
2018-06-04,12.56
2018-06-05,12.63
2018-06-06,12.6
2018-06-07,12.61
2018-06-08,12.43
2018-06-11,12.62
2018-06-12,12.75
2018-06-13,12.64
2018-06-14,12.62
2018-06-15,12.6
2018-06-19,12.26
2018-06-20,12.25
2018-06-21,12.12
2018-06-22,12.15
2018-06-25,11.98
2018-06-26,11.86
2018-06-27,11.67
2018-06-28,11.56
2018-06-29,11.81
2018-07-02,11.45
2018-07-03,11.47
2018-07-04,11.4
2018-07-05,11.37
2018-07-06,11.43
2018-07-09,11.76
2018-07-10,11.79
2018-07-11,11.6
2018-07-12,11.85
2018-07-13,11.81
2018-07-16,11.7
2018-07-17,11.58
2018-07-18,11.54
2018-07-19,11.51
2018-07-20,11.79
2018-07-23,11.92
2018-07-24,12.09
2018-07-25,12.07
2018-07-26,11.95
2018-07-27,11.91
2018-07-30,11.92
2018-07-31,11.93
2018-08-01,11.69
2018-08-02,11.45
2018-08-03,11.33
2018-08-06,11.23
2018-08-07,11.55
2018-08-08,11.39
2018-08-09,11.61
2018-08-10,11.59
2018-08-13,11.51
2018-08-14,11.48
2018-08-15,11.23
2018-08-16,11.18
2018-08-17,11.04
2018-08-20,11.19
2018-08-21,11.35
2018-08-22,11.22
2018-08-23,11.25
2018-08-24,11.3
2018-08-27,11.47
2018-08-28,11.41
2018-08-29,11.31
2018-08-30,11.17
2018-08-31,11.09
2018-09-03,11.06
2018-09-04,11.19
2018-09-05,10.97
2018-09-06,10.89
2018-09-07,10.93
2018-09-10,10.81
2018-09-11,10.79
2018-09-12,10.73
2018-09-13,10.87
2018-09-14,10.88
2018-09-17,10.78
2018-09-18,10.97
2018-09-19,11.11
2018-09-20,11.11
2018-09-21,11.46
2018-09-25,11.36
2018-09-26,11.48
2018-09-27,11.45
2018-09-28,11.58
2018-10-08,11.1
2018-10-09,11.11
2018-10-10,11.12
2018-10-11,10.62
2018-10-12,10.8
2018-10-15,10.64
2018-10-16,10.6
2018-10-17,10.66
2018-10-18,10.38
2018-10-19,10.67
2018-10-22,11.08
2018-10-23,10.78
2018-10-24,10.82
2018-10-25,10.83
2018-10-26,10.83
2018-10-29,10.54
2018-10-30,10.62
2018-10-31,10.6
2018-11-01,10.63
2018-11-02,10.93
2018-11-05,10.83
2018-11-06,10.78
2018-11-07,10.71
2018-11-08,10.69
2018-11-09,10.5
2018-11-12,10.59
2018-11-13,10.66
2018-11-14,10.54
2018-11-15,10.66
2018-11-16,10.69
2018-11-19,10.81
2018-11-20,10.59
2018-11-21,10.6
2018-11-22,10.57
2018-11-23,10.37
2018-11-26,10.36
2018-11-27,10.34
2018-11-28,10.45
2018-11-29,10.34
2018-11-30,10.44
2018-12-03,10.7
2018-12-04,10.72
2018-12-05,10.66
2018-12-06,10.47
2018-12-07,10.45
2018-12-10,10.35
2018-12-11,10.39
2018-12-12,10.44
2018-12-13,10.58
2018-12-14,10.43
2018-12-17,10.55
2018-12-18,10.45
2018-12-19,10.34
2018-12-20,10.25
2018-12-21,10.15
2018-12-24,10.17
2018-12-25,10.1
2018-12-26,10.07
2018-12-27,10.03
2018-12-28,10.09
2019-01-02,9.94
2019-01-03,9.95
2019-01-04,10.15
2019-01-07,10.19
2019-01-08,10.16
2019-01-09,10.26
2019-01-10,10.22
2019-01-11,10.29
2019-01-14,10.2
2019-01-15,10.36
2019-01-16,10.37
2019-01-17,10.33
2019-01-18,10.52
2019-01-21,10.58
2019-01-22,10.45
2019-01-23,10.45
2019-01-24,10.5
2019-01-25,10.59
2019-01-28,10.63
2019-01-29,10.67
2019-01-30,10.61
2019-01-31,10.74
2019-02-01,10.86
2019-02-11,10.99
2019-02-12,11.04
2019-02-13,11.27
2019-02-14,11.25
2019-02-15,11.04
2019-02-18,11.35
2019-02-19,11.34
2019-02-20,11.38
2019-02-21,11.34
2019-02-22,11.54
2019-02-25,12.21
2019-02-26,12.06
2019-02-27,12.1
2019-02-28,12.06
2019-03-01,12.32
2019-03-04,12.44
2019-03-05,12.48
2019-03-06,12.6
2019-03-07,12.48
2019-03-08,11.97
2019-03-11,12.15
2019-03-12,12.24
2019-03-13,12.11
2019-03-14,12.03
2019-03-15,12.15
2019-03-18,12.46
2019-03-19,12.43
2019-03-20,12.41
2019-03-21,12.41
2019-03-22,12.39
2019-03-25,12.09
2019-03-26,11.96
2019-03-27,12.08
2019-03-28,12.09
2019-03-29,12.5
2019-04-01,12.83
2019-04-02,12.82
2019-04-03,12.98
2019-04-04,13.13
2019-04-08,13.12
2019-04-09,13.12
2019-04-10,13.13
2019-04-11,12.89
2019-04-12,12.87
2019-04-15,12.8
2019-04-16,13.17
2019-04-17,13.2
2019-04-18,13.14
2019-04-19,13.23
2019-04-22,12.94
2019-04-23,12.9
2019-04-24,12.91
2019-04-25,12.66
2019-04-26,12.43
2019-04-29,12.4
2019-04-30,12.27
2019-05-06,11.62
2019-05-07,11.69
2019-05-08,11.53
2019-05-09,11.34
2019-05-10,11.68
2019-05-13,11.51
2019-05-14,11.45
2019-05-15,11.67
2019-05-16,11.72
2019-05-17,11.46
2019-05-20,11.42
2019-05-21,11.54
2019-05-22,11.5
2019-05-23,11.34
2019-05-24,11.37
2019-05-27,11.48
2019-05-28,11.58
2019-05-29,11.56
2019-05-30,11.52
2019-05-31,11.48
2019-06-03,11.48
2019-06-04,11.41
2019-06-05,11.42
2019-06-06,11.34
2019-06-10,11.46
2019-06-11,11.72
2019-06-12,11.64
2019-06-13,11.62
2019-06-14,11.54
2019-06-17,11.77
2019-06-18,11.8
2019-06-19,11.92
2019-06-20,12.24
2019-06-21,12.26
2019-06-24,12.29
2019-06-25,12.17
2019-06-26,12.15
2019-06-27,12.25
2019-06-28,12.22
2019-07-01,12.5
2019-07-02,12.49
2019-07-03,12.39
2019-07-04,12.35
2019-07-05,12.39
2019-07-08,12.11
2019-07-09,12.07
2019-07-10,12.01
2019-07-11,12.02
2019-07-12,12.1
2019-07-15,12.13
2019-07-16,12.08
2019-07-17,12.07
2019-07-18,11.97
2019-07-19,12.07
2019-07-22,11.98
2019-07-23,12.01
2019-07-24,12.1
2019-07-25,12.16
2019-07-26,12.18
2019-07-29,12.16
2019-07-30,12.22
2019-07-31,12.14
2019-08-01,12.04
2019-08-02,11.86
2019-08-05,11.64
2019-08-06,11.52
2019-08-07,11.47
2019-08-08,11.6
2019-08-09,11.52
2019-08-12,11.69
2019-08-13,11.58
2019-08-14,11.63
2019-08-15,11.65
2019-08-16,11.61
2019-08-19,11.82
2019-08-20,11.8
2019-08-21,11.77
2019-08-22,11.79
2019-08-23,11.82
2019-08-26,11.64
2019-08-27,11.83
2019-08-28,11.77
2019-08-29,11.7
2019-08-30,11.7
2019-09-02,11.77
2019-09-03,11.79
2019-09-04,11.9
2019-09-05,12.02
2019-09-06,12.08
2019-09-09,12.14
2019-09-10,12.1
2019-09-11,12.06
2019-09-12,12.16
2019-09-16,12.13
2019-09-17,11.95
2019-09-18,11.98
2019-09-19,12.02
2019-09-20,12.05
2019-09-23,11.92
2019-09-24,11.95
2019-09-25,11.86
2019-09-26,11.8
2019-09-27,11.82
2019-09-30,11.72
2019-10-08,11.78
2019-10-09,11.81
2019-10-10,11.89
2019-10-11,12.01
2019-10-14,12.14
2019-10-15,12.1
2019-10-16,12.05
2019-10-17,12.06
2019-10-18,11.9
2019-10-21,11.96
2019-10-22,11.99
2019-10-23,11.92
2019-10-24,11.93
2019-10-25,11.94
2019-10-28,11.97
2019-10-29,11.88
2019-10-30,11.77
2019-10-31,11.67
2019-11-01,11.81
2019-11-04,11.89
2019-11-05,11.96
2019-11-06,11.93
2019-11-07,11.93
2019-11-08,11.86
2019-11-11,11.66
2019-11-12,11.68
2019-11-13,11.64
2019-11-14,11.64
2019-11-15,11.58
2019-11-18,11.66
2019-11-19,11.74
2019-11-20,11.64
2019-11-21,11.6
2019-11-22,11.51
2019-11-25,11.61
2019-11-26,11.64
2019-11-27,11.6
2019-11-28,11.55
2019-11-29,11.46
2019-12-02,11.48
2019-12-03,11.51
2019-12-04,11.49
2019-12-05,11.57
2019-12-06,11.62
2019-12-09,11.6
2019-12-10,11.6
2019-12-11,11.63
2019-12-12,11.6
2019-12-13,11.83
2019-12-16,12.01
2019-12-17,12.17
2019-12-18,12.15
2019-12-19,12.14
2019-12-20,12.12
2019-12-23,11.96
2019-12-24,12.02
2019-12-25,12.01
2019-12-26,12.11
2019-12-27,12.11
2019-12-30,12.26
2019-12-31,12.3
2020-01-02,12.45
2020-01-03,12.44
2020-01-06,12.4
2020-01-07,12.47
2020-01-08,12.32
2020-01-09,12.42
2020-01-10,12.43
2020-01-13,12.53
2020-01-14,12.49
2020-01-15,12.42
2020-01-16,12.34
2020-01-17,12.35
2020-01-20,12.42
2020-01-21,12.23
2020-01-22,12.28
2020-01-23,11.96
2020-02-03,11.04
2020-02-04,11.29
2020-02-05,11.4
2020-02-06,11.58
2020-02-07,11.57
2020-02-10,11.61
2020-02-11,11.71
2020-02-12,11.78
2020-02-13,11.71
2020-02-14,11.78
2020-02-17,12.03
2020-02-18,11.96
2020-02-19,11.96
2020-02-20,12.19
2020-02-21,12.24
2020-02-24,12.17
2020-02-25,12.08
2020-02-26,11.98
2020-02-27,11.98
2020-02-28,11.57
2020-03-02,11.88
2020-03-03,11.94
2020-03-04,12.0
2020-03-05,12.25
2020-03-06,12.07
2020-03-09,11.7
2020-03-10,11.91
2020-03-11,11.78
2020-03-12,11.59
2020-03-13,11.44
2020-03-16,11.07
2020-03-17,11.02
2020-03-18,10.82
2020-03-19,10.66
2020-03-20,10.84
2020-03-23,10.5
2020-03-24,10.78
2020-03-25,11.04
2020-03-26,10.94
2020-03-27,10.96
2020-03-30,10.88
2020-03-31,10.85
2020-04-01,10.81
2020-04-02,10.98
2020-04-03,10.92
2020-04-07,11.13
2020-04-08,11.07
2020-04-09,11.1
2020-04-10,11.03
2020-04-13,10.99
2020-04-14,11.17
2020-04-15,11.1
2020-04-16,11.11
2020-04-17,11.2
2020-04-20,11.25
2020-04-21,11.13
2020-04-22,11.2
2020-04-23,11.16
2020-04-24,11.15
2020-04-27,11.24
2020-04-28,11.28
2020-04-29,11.4
2020-04-30,11.77
2020-05-06,11.8
2020-05-07,11.76
2020-05-08,11.86
2020-05-11,11.87
2020-05-12,11.85
2020-05-13,11.87
2020-05-14,11.75
2020-05-15,11.72
2020-05-18,11.75
2020-05-19,11.84
2020-05-20,11.79
2020-05-21,11.73
2020-05-22,11.49
2020-05-25,11.5
2020-05-26,11.6
2020-05-27,11.55
2020-05-28,11.59
2020-05-29,11.6
2020-06-01,11.86
2020-06-02,11.91
2020-06-03,11.92
2020-06-04,11.89
2020-06-05,11.95
2020-06-08,12.0
2020-06-09,12.08
2020-06-10,12.04
2020-06-11,11.92
2020-06-12,11.93
2020-06-15,11.92
2020-06-16,12.07
2020-06-17,12.07
2020-06-18,12.13
2020-06-19,12.27
2020-06-22,12.27
2020-06-23,12.3
2020-06-24,12.37
2020-06-29,12.29
2020-06-30,12.38
2020-07-01,12.61
2020-07-02,12.9
2020-07-03,13.19
2020-07-06,14.0
2020-07-07,14.05
2020-07-08,14.25
2020-07-09,14.41
2020-07-10,14.05
2020-07-13,14.28
2020-07-14,14.15
2020-07-15,13.94
2020-07-16,13.34
2020-07-17,13.39
2020-07-20,13.76
2020-07-21,13.78
2020-07-22,13.82
2020-07-23,13.78
2020-07-24,13.23
2020-07-27,13.29
2020-07-28,13.38
2020-07-29,13.67
2020-07-30,13.58
2020-07-31,13.67
2020-08-03,13.87
2020-08-04,13.92
2020-08-05,13.9
2020-08-06,13.89
2020-08-07,13.75
2020-08-10,13.84
2020-08-11,13.73
2020-08-12,13.64
2020-08-13,13.6
2020-08-14,13.81
2020-08-17,14.15
2020-08-18,14.14
2020-08-19,13.94
2020-08-20,13.76
2020-08-21,13.84
2020-08-24,13.92
2020-08-25,13.92
2020-08-26,13.79
2020-08-27,13.84
2020-08-28,13.96
2020-08-31,14.45
2020-09-01,14.52
2020-09-02,14.51
2020-09-03,14.43
2020-09-04,14.3
2020-09-07,14.03
2020-09-08,14.14
2020-09-09,13.86
2020-09-10,13.86
2020-09-11,13.97
2020-09-14,14.02
2020-09-15,14.11
2020-09-16,14.04
2020-09-17,13.97
2020-09-18,14.29
2020-09-21,14.15
2020-09-22,14.0
2020-09-23,14.03
2020-09-24,13.8
2020-09-25,13.82
2020-09-28,13.87
2020-09-29,13.89
2020-09-30,13.87
2020-10-09,14.1
2020-10-12,14.5
2020-10-13,14.52
2020-10-14,14.44
2020-10-15,14.44
2020-10-16,14.46
2020-10-19,14.4
2020-10-20,14.41
2020-10-21,14.44
2020-10-22,14.4
2020-10-23,14.23
2020-10-26,14.13
2020-10-27,14.13
2020-10-28,14.16
2020-10-29,14.03
2020-10-30,13.92
2020-11-02,13.96
2020-11-03,14.13
2020-11-04,14.2
2020-11-05,14.38
2020-11-06,14.38
2020-11-09,14.63
2020-11-10,14.58
2020-11-11,14.48
2020-11-12,14.46
2020-11-13,14.3
2020-11-16,14.44
2020-11-17,14.42
2020-11-18,14.44
2020-11-19,14.53
2020-11-20,14.56
2020-11-23,14.75
2020-11-24,14.66
2020-11-25,14.51
2020-11-26,14.55
2020-11-27,14.78
2020-11-30,14.71
2020-12-01,15.0
2020-12-02,14.98
2020-12-03,14.95
2020-12-04,14.95
2020-12-07,14.8
2020-12-08,14.74
2020-12-09,14.58
2020-12-10,14.56
2020-12-11,14.45
2020-12-14,15.01
2020-12-15,15.01
2020-12-16,15.03
2020-12-17,15.2
2020-12-18,15.15
2020-12-21,15.27
2020-12-22,15.01
2020-12-23,15.14
2020-12-24,15.12
2020-12-25,15.23
2020-12-28,15.29
2020-12-29,15.22
2020-12-30,15.39
2020-12-31,15.66
2021-01-04,15.79
2021-01-05,16.03
2021-01-06,16.19
2021-01-07,16.45
2021-01-08,16.42
2021-01-11,16.26
2021-01-12,16.68
2021-01-13,16.66
2021-01-14,16.41
2021-01-15,16.34
2021-01-18,16.46
2021-01-19,16.28
2021-01-20,16.35
2021-01-21,16.58
2021-01-22,16.52
2021-01-25,16.65
2021-01-26,16.37
2021-01-27,16.41
2021-01-28,16.0
2021-01-29,15.95
2021-02-01,16.1
2021-02-02,16.29
2021-02-03,16.22
2021-02-04,16.09
2021-02-05,16.15
2021-02-08,16.33
2021-02-09,16.64
2021-02-10,16.99
2021-02-18,16.92
2021-02-19,16.95
2021-02-22,16.59
2021-02-23,16.54
2021-02-24,16.13
2021-02-25,16.26
2021-02-26,15.87
2021-03-01,16.0
2021-03-02,15.78
2021-03-03,16.12
2021-03-04,15.69
2021-03-05,15.69
2021-03-08,15.22
2021-03-09,14.93
2021-03-10,14.97
2021-03-11,15.31
2021-03-12,15.35
2021-03-15,15.11
2021-03-16,15.23
2021-03-17,15.25
2021-03-18,15.34
2021-03-19,14.95
2021-03-22,15.09
2021-03-23,14.96
2021-03-24,14.76
2021-03-25,14.71
2021-03-26,14.98
2021-03-29,14.78
2021-03-30,14.87
2021-03-31,14.61
2021-04-01,14.74
2021-04-02,14.85
2021-04-06,14.81
2021-04-07,14.73
2021-04-08,14.75
2021-04-09,14.56
2021-04-12,14.35
2021-04-13,14.32
2021-04-14,14.42
2021-04-15,14.29
2021-04-16,14.34
2021-04-19,14.6
2021-04-20,14.57
2021-04-21,14.58
2021-04-22,14.5
2021-04-23,14.56
2021-04-26,14.36
2021-04-27,14.31
2021-04-28,14.35
2021-04-29,14.14
2021-04-30,13.52
2021-05-06,13.41
2021-05-07,13.29
2021-05-10,13.31
2021-05-11,13.38
2021-05-12,13.45
2021-05-13,13.32
2021-05-14,13.6
2021-05-17,13.77
2021-05-18,13.78
2021-05-19,13.73
2021-05-20,13.76
2021-05-21,13.63
2021-05-24,13.68
2021-05-25,14.07
2021-05-26,14.09
2021-05-27,14.12
2021-05-28,14.1
2021-05-31,14.09
2021-06-01,14.12
2021-06-02,14.01
2021-06-03,13.93
2021-06-04,13.99
2021-06-07,13.99
2021-06-08,13.9
2021-06-09,13.92
2021-06-10,13.99
2021-06-11,13.89
2021-06-15,14.23
2021-06-16,14.04
2021-06-17,14.05
2021-06-18,14.04
2021-06-21,14.01
2021-06-22,14.1
2021-06-23,14.15
2021-06-24,14.18
2021-06-25,14.39
2021-06-28,14.4
2021-06-29,14.24
2021-06-30,14.32
2021-07-01,14.33
2021-07-02,13.98
2021-07-05,14.01
2021-07-06,14.0
2021-07-07,14.11
2021-07-08,13.95
2021-07-09,13.89
2021-07-12,14.01
2021-07-13,14.03
2021-07-14,13.87
2021-07-15,14.01
2021-07-16,13.87
2021-07-19,13.89
2021-07-20,13.87
2021-07-21,13.95
2021-07-22,13.99
2021-07-23,13.87
2021-07-26,13.45
2021-07-27,13.03
2021-07-28,13.06
2021-07-29,13.23
2021-07-30,13.12
2021-08-02,13.42
2021-08-03,13.39
2021-08-04,13.49
2021-08-05,13.41
2021-08-06,13.35
2021-08-09,13.51
2021-08-10,13.64
2021-08-11,13.6
2021-08-12,13.52
2021-08-13,13.45
2021-08-16,13.41
2021-08-17,13.15
2021-08-18,13.31
2021-08-19,13.22
2021-08-20,13.0
2021-08-23,13.14
2021-08-24,13.25
2021-08-25,13.26
2021-08-26,13.03
2021-08-27,12.96
2021-08-30,12.6
2021-08-31,12.41
2021-09-01,12.59
2021-09-02,12.6
2021-09-03,12.55
2021-09-06,12.75
2021-09-07,12.9
2021-09-08,12.87
2021-09-09,12.9
2021-09-10,12.98
2021-09-13,12.98
2021-09-14,12.79
2021-09-15,12.68
2021-09-16,12.54
2021-09-17,12.62
2021-09-22,12.56
2021-09-23,12.62
2021-09-24,12.58
2021-09-27,12.64
2021-09-28,12.69
2021-09-29,12.55
2021-09-30,12.61
2021-10-08,12.77
2021-10-11,12.8
2021-10-12,12.67
2021-10-13,12.76
2021-10-14,12.7
2021-10-15,12.76
2021-10-18,12.64
2021-10-19,12.77
2021-10-20,12.73
2021-10-21,12.78
2021-10-22,12.82
2021-10-25,12.86
2021-10-26,12.8
2021-10-27,12.62
2021-10-28,12.5
2021-10-29,12.67
2021-11-01,12.43
2021-11-02,12.3
2021-11-03,12.24
2021-11-04,12.35
2021-11-05,12.27
2021-11-08,12.28
2021-11-09,12.28
2021-11-10,12.21
2021-11-11,12.39
2021-11-12,12.35
2021-11-15,12.33
2021-11-16,12.34
2021-11-17,12.35
2021-11-18,12.25
2021-11-19,12.38
2021-11-22,12.43
2021-11-23,12.44
2021-11-24,12.46
2021-11-25,12.4
2021-11-26,12.31
2021-11-29,12.28
2021-11-30,12.25
2021-12-01,12.3
2021-12-02,12.34
2021-12-03,12.44
2021-12-06,12.43
2021-12-07,12.49
2021-12-08,12.65
2021-12-09,12.84
2021-12-10,12.78
2021-12-13,13.72
2021-12-14,13.62
2021-12-15,13.52
2021-12-16,13.6
2021-12-17,13.42
2021-12-20,13.25
2021-12-21,13.35
2021-12-22,13.34
2021-12-23,13.43
2021-12-24,13.36
2021-12-27,13.35
2021-12-28,13.43
2021-12-29,13.25
2021-12-30,13.33
2021-12-31,13.37
2022-01-04,13.33
2022-01-05,13.23
2022-01-06,13.12
2022-01-07,13.16
2022-01-10,13.21
2022-01-11,13.09
2022-01-12,13.19
2022-01-13,13.02
2022-01-14,12.88
2022-01-17,12.94
2022-01-18,13.08
2022-01-19,13.0
2022-01-20,13.11
2022-01-21,12.99
2022-01-24,13.0
2022-01-25,12.72
2022-01-26,12.82
2022-01-27,12.6
2022-01-28,12.44
2022-02-07,12.69
2022-02-08,12.69
2022-02-09,12.79
2022-02-10,12.77
2022-02-11,12.72
2022-02-14,12.56
2022-02-15,12.65
2022-02-16,12.7
2022-02-17,12.71
2022-02-18,12.78
2022-02-21,12.73
2022-02-22,12.59
2022-02-23,12.68
2022-02-24,12.45
2022-02-25,12.53
2022-02-28,12.57
2022-03-01,12.66
2022-03-02,12.58
2022-03-03,12.54
2022-03-04,12.4
2022-03-07,12.06
2022-03-08,11.83
2022-03-09,11.71
2022-03-10,11.84
2022-03-11,11.83
2022-03-14,11.5
2022-03-15,10.98
2022-03-16,11.38
2022-03-17,11.56
2022-03-18,11.72
2022-03-21,11.69
2022-03-22,11.71
2022-03-23,11.76
2022-03-24,11.7
2022-03-25,11.54
2022-03-28,11.52
2022-03-29,11.5
2022-03-30,11.73
2022-03-31,11.72
2022-04-01,11.83
2022-04-06,11.82
2022-04-07,11.68
2022-04-08,11.76
2022-04-11,11.45
2022-04-12,11.63
2022-04-13,11.55
2022-04-14,11.68
2022-04-15,11.66
2022-04-18,11.56
2022-04-19,11.51
2022-04-20,11.36
2022-04-21,11.18
2022-04-22,11.24
2022-04-25,10.76
2022-04-26,10.67
2022-04-27,10.87
2022-04-28,10.92
2022-04-29,11.21
2022-05-05,11.11
2022-05-06,10.85
2022-05-09,10.79
2022-05-10,10.87
2022-05-11,10.99
2022-05-12,10.96
2022-05-13,11.05
2022-05-16,10.97
2022-05-17,11.09
2022-05-18,11.05
2022-05-19,11.07
2022-05-20,11.26
2022-05-23,11.2
2022-05-24,10.99
2022-05-25,11.06
2022-05-26,11.09
2022-05-27,11.12
2022-05-30,11.18
2022-05-31,11.32
2022-06-01,11.3
2022-06-02,11.31
2022-06-06,11.47
2022-06-07,11.5
2022-06-08,11.61
2022-06-09,11.53
2022-06-10,11.7
2022-06-13,11.7
2022-06-14,11.82
2022-06-15,11.95
2022-06-16,11.84
2022-06-17,11.97
2022-06-20,11.97
2022-06-21,11.98
2022-06-22,11.83
2022-06-23,12.02
2022-06-24,12.12
2022-06-27,12.23
2022-06-28,12.32
2022-06-29,12.18
2022-06-30,12.31
2022-07-01,12.26
2022-07-04,12.33
2022-07-05,12.31
2022-07-06,12.15
2022-07-07,12.18
2022-07-08,12.13
2022-07-11,11.95
2022-07-12,11.84
2022-07-13,11.84
2022-07-14,11.81
2022-07-15,11.61
2022-07-18,11.74
2022-07-19,11.7
2022-07-20,11.75
2022-07-21,11.62
2022-07-22,11.63
2022-07-25,11.58
2022-07-26,11.65
2022-07-27,11.58
2022-07-28,11.58
2022-07-29,11.44
2022-08-01,11.48
2022-08-02,11.28
2022-08-03,11.18
2022-08-04,11.28
2022-08-05,11.41
2022-08-08,11.39
2022-08-09,11.41
2022-08-10,11.3
2022-08-11,11.52
2022-08-12,11.5
2022-08-15,11.47
2022-08-16,11.43
2022-08-17,11.53
2022-08-18,11.43
2022-08-19,11.38
2022-08-22,11.45
2022-08-23,11.39
2022-08-24,11.18
2022-08-25,11.29
2022-08-26,11.21
2022-08-29,11.11
2022-08-30,11.1
2022-08-31,11.02
2022-09-01,10.95
2022-09-02,10.89
2022-09-05,10.9
2022-09-06,10.98
2022-09-07,10.99
2022-09-08,10.96
2022-09-09,11.1
2022-09-13,11.13
2022-09-14,11.02
2022-09-15,10.95
2022-09-16,10.7
2022-09-19,10.7
2022-09-20,10.7
2022-09-21,10.65
2022-09-22,10.59
2022-09-23,10.6
2022-09-26,10.51
2022-09-27,10.64
2022-09-28,10.51
2022-09-29,10.5
2022-09-30,10.47
2022-10-10,10.29
2022-10-11,10.3
2022-10-12,10.43
2022-10-13,10.34
2022-10-14,10.52
2022-10-17,10.51
2022-10-18,10.48
2022-10-19,10.34
2022-10-20,10.3
2022-10-21,10.25
2022-10-24,9.98
2022-10-25,9.97
2022-10-26,10.04
2022-10-27,10.0
2022-10-28,9.73
2022-10-31,9.61
2022-11-01,9.89
2022-11-02,9.99
2022-11-03,9.92
2022-11-04,10.2
2022-11-07,10.22
2022-11-08,10.17
2022-11-09,10.08
2022-11-10,10.03
2022-11-11,10.28
2022-11-14,10.29
2022-11-15,10.45
2022-11-16,10.38
2022-11-17,10.33
2022-11-18,10.3
2022-11-21,10.22
2022-11-22,10.28
2022-11-23,10.31
2022-11-24,10.26
2022-11-25,10.37
2022-11-28,10.25
2022-11-29,10.54
2022-11-30,10.57
2022-12-01,10.64
2022-12-02,10.57
2022-12-05,10.81
2022-12-06,10.86
2022-12-07,10.8
2022-12-08,10.8
2022-12-09,10.88
2022-12-12,10.8
2022-12-13,10.8
2022-12-14,10.81
2022-12-15,10.79
2022-12-16,10.81
2022-12-19,10.63
2022-12-20,10.48
2022-12-21,10.49
2022-12-22,10.51
2022-12-23,10.5
2022-12-26,10.52
2022-12-27,10.64
2022-12-28,10.62
2022-12-29,10.56
2022-12-30,10.59
2023-01-03,10.65
2023-01-04,10.69
2023-01-05,10.85
2023-01-06,10.89
2023-01-09,10.96
2023-01-10,10.95
2023-01-11,10.96
2023-01-12,10.99
2023-01-13,11.13
2023-01-16,11.23
2023-01-17,11.2
2023-01-18,11.2
2023-01-19,11.25
2023-01-20,11.33
2023-01-30,11.35
2023-01-31,11.26
2023-02-01,11.36
2023-02-02,11.33
2023-02-03,11.24
2023-02-06,11.12
2023-02-07,11.13
2023-02-08,11.08
2023-02-09,11.22
2023-02-10,11.17
2023-02-13,11.24
2023-02-14,11.26
2023-02-15,11.21
2023-02-16,11.16
2023-02-17,11.03
2023-02-20,11.31
2023-02-21,11.34
2023-02-22,11.24
2023-02-23,11.23
2023-02-24,11.12
2023-02-27,11.09
2023-02-28,11.17
2023-03-01,11.34
2023-03-02,11.33
2023-03-03,11.42
2023-03-06,11.37
2023-03-07,11.25
2023-03-08,11.22
2023-03-09,11.2
2023-03-10,11.03
2023-03-13,11.2
2023-03-14,11.12
2023-03-15,11.16
2023-03-16,11.1
2023-03-17,11.18
2023-03-20,11.1
2023-03-21,11.17
2023-03-22,11.23
2023-03-23,11.34
2023-03-24,11.27
2023-03-27,11.19
2023-03-28,11.2
2023-03-29,11.2
2023-03-30,11.27
2023-03-31,11.27
2023-04-03,11.38
2023-04-04,11.48
2023-04-06,11.47
2023-04-07,11.52
2023-04-10,11.5
2023-04-11,11.48
2023-04-12,11.52
2023-04-13,11.47
2023-04-14,11.56
2023-04-17,11.78
2023-04-18,11.89
2023-04-19,11.79
2023-04-20,11.79
2023-04-21,11.56
2023-04-24,11.48
2023-04-25,11.44
2023-04-26,11.39
2023-04-27,11.42
2023-04-28,11.47
2023-05-04,11.56
2023-05-05,11.53
2023-05-08,11.8
2023-05-09,11.67
2023-05-10,11.5
2023-05-11,11.45
2023-05-12,11.31
2023-05-15,11.47
2023-05-16,11.4
2023-05-17,11.32
2023-05-18,11.38
2023-05-19,11.32
2023-05-22,11.38
2023-05-23,11.19
2023-05-24,11.0
2023-05-25,10.97
2023-05-26,11.0
2023-05-29,11.02
2023-05-30,11.03
2023-05-31,10.93
2023-06-01,10.97
2023-06-02,11.08
2023-06-05,11.07
2023-06-06,11.0
2023-06-07,10.96
2023-06-08,11.08
2023-06-09,11.14
2023-06-12,11.1
2023-06-13,11.12
2023-06-14,11.08
2023-06-15,11.22
2023-06-16,11.29
2023-06-19,11.2
2023-06-20,11.14
2023-06-21,11.0
2023-06-26,10.86
2023-06-27,10.98
2023-06-28,10.96
2023-06-29,10.92
2023-06-30,10.97
2023-07-03,11.13
2023-07-04,11.13
2023-07-05,11.04
2023-07-06,10.97
2023-07-07,10.93
2023-07-10,10.96
2023-07-11,11.02
2023-07-12,10.95
2023-07-13,11.12
2023-07-14,11.12
2023-07-17,10.99
2023-07-18,10.94
2023-07-19,10.94
2023-07-20,10.86
2023-07-21,10.85
2023-07-24,10.82
2023-07-25,11.11
2023-07-26,11.07
2023-07-27,11.07
2023-07-28,11.33
2023-07-31,11.36
2023-08-01,11.34
2023-08-02,11.21
2023-08-03,11.29
2023-08-04,11.36
2023-08-07,11.28
2023-08-08,11.26
2023-08-09,11.23
2023-08-10,11.26
2023-08-11,11.02
2023-08-14,10.94
2023-08-15,10.93
2023-08-16,10.84
2023-08-17,10.85
2023-08-18,10.75
2023-08-21,10.62
2023-08-22,10.75
2023-08-23,10.62
2023-08-24,10.66
2023-08-25,10.63
2023-08-28,10.84
2023-08-29,10.87
2023-08-30,10.95
2023-08-31,10.99
2023-09-01,11.05
2023-09-04,11.22
2023-09-05,11.13
2023-09-06,11.12
2023-09-07,11.0
2023-09-08,10.96
2023-09-11,11.03
2023-09-12,11.01
2023-09-13,10.97
2023-09-14,11.0
2023-09-15,10.93
2023-09-18,10.96
2023-09-19,10.98
2023-09-20,10.95
2023-09-21,10.86
2023-09-22,11.02
2023-09-25,10.96
2023-09-26,10.9
2023-09-27,10.9
2023-09-28,10.87
2023-10-09,10.87
2023-10-10,10.79
2023-10-11,10.81
2023-10-12,10.94
2023-10-13,10.88
2023-10-16,10.81
2023-10-17,10.88
2023-10-18,10.82
2023-10-19,10.59
2023-10-20,10.5
2023-10-23,10.4
2023-10-24,10.4
2023-10-25,10.38
2023-10-26,10.46
2023-10-27,10.54
2023-10-30,10.59
2023-10-31,10.64
2023-11-01,10.66
2023-11-02,10.63
2023-11-03,10.69
2023-11-06,10.75
2023-11-07,10.72
2023-11-08,10.69
2023-11-09,10.72
2023-11-10,10.67
2023-11-13,10.65
2023-11-14,10.66
2023-11-15,10.73
2023-11-16,10.65
2023-11-17,10.62
2023-11-20,10.64
2023-11-21,10.66
2023-11-22,10.58
2023-11-23,10.62
2023-11-24,10.57
2023-11-27,10.49
2023-11-28,10.5
2023-11-29,10.42
2023-11-30,10.48
2023-12-01,10.46
2023-12-04,10.4
2023-12-05,10.23
2023-12-06,10.2
2023-12-07,10.19
2023-12-08,10.22
2023-12-11,10.28
2023-12-12,10.32
2023-12-13,10.18
2023-12-14,10.13
2023-12-15,10.09
2023-12-18,10.09
2023-12-19,10.11
2023-12-20,10.02
2023-12-21,10.08
2023-12-22,10.12
2023-12-25,10.16
2023-12-26,10.12
2023-12-27,10.18
2023-12-28,10.33
2023-12-29,10.38
2024-01-02,10.37
2024-01-03,10.31
2024-01-04,10.27
2024-01-05,10.22
2024-01-08,10.12
2024-01-09,10.12
2024-01-10,10.06
2024-01-11,10.05
2024-01-12,10.04
2024-01-15,10.06
2024-01-16,10.12
2024-01-17,9.93
2024-01-18,10.03
2024-01-19,10.01
2024-01-22,9.89
2024-01-23,9.91
2024-01-24,10.09
2024-01-25,10.34
2024-01-26,10.38
2024-01-29,10.35
2024-01-30,10.19
2024-01-31,10.16
2024-02-01,10.11
2024-02-02,10.06
2024-02-05,10.17
2024-02-06,10.42
2024-02-07,10.47
2024-02-08,10.49
2024-02-19,10.69
2024-02-20,10.73
2024-02-21,10.85
2024-02-22,10.96
2024-02-23,10.96
2024-02-26,10.79
2024-02-27,10.9
2024-02-28,10.76
2024-02-29,10.91
2024-03-01,10.95
2024-03-04,11.0
2024-03-05,11.1
2024-03-06,11.04
2024-03-07,11.03
2024-03-08,11.1
2024-03-11,11.15
2024-03-12,11.07
2024-03-13,10.99
2024-03-14,10.99
2024-03-15,11.0
2024-03-18,11.08
2024-03-19,11.02
2024-03-20,11.09
2024-03-21,11.07
2024-03-22,11.03
2024-03-25,11.01
2024-03-26,11.07
2024-03-27,10.98
2024-03-28,11.04
2024-03-29,11.21
2024-04-01,11.36
2024-04-02,11.37
2024-04-03,11.34
2024-04-08,11.29
2024-04-09,11.25
2024-04-10,11.19
2024-04-11,11.18
2024-04-12,11.1
2024-04-15,11.37
2024-04-16,11.29
2024-04-17,11.44
2024-04-18,11.44
2024-04-19,11.43
2024-04-22,11.34
2024-04-23,11.26
2024-04-24,11.29
2024-04-25,11.32
2024-04-26,11.47
2024-04-29,11.47
2024-04-30,11.63
2024-05-06,11.72
2024-05-07,11.74
2024-05-08,11.68
2024-05-09,11.74
2024-05-10,11.76
2024-05-13,11.76
2024-05-14,11.72
2024-05-15,11.63
2024-05-16,11.67
2024-05-17,11.77
2024-05-20,11.82
2024-05-21,11.79
2024-05-22,11.8
2024-05-23,11.69
2024-05-24,11.58
2024-05-27,11.72
2024-05-28,11.67
2024-05-29,11.69
2024-05-30,11.61
2024-05-31,11.57
2024-06-03,11.62
2024-06-04,11.67
2024-06-05,11.61
2024-06-06,11.63
2024-06-07,11.6
2024-06-11,11.48
2024-06-12,11.5
2024-06-13,11.48
2024-06-14,11.51
2024-06-17,11.46
2024-06-18,11.51
2024-06-19,11.51
2024-06-20,11.48
2024-06-21,11.46
2024-06-24,11.43
2024-06-25,11.39
2024-06-26,11.43
2024-06-27,11.39
2024-06-28,11.48
2024-07-01,11.57
2024-07-02,11.62
2024-07-03,11.58
2024-07-04,11.56
2024-07-05,11.46
2024-07-08,11.43
2024-07-09,11.53
2024-07-10,11.47
2024-07-11,11.54
2024-07-12,11.55
2024-07-15,11.63
2024-07-16,11.65
2024-07-17,11.6
2024-07-18,11.69
2024-07-19,11.7
2024-07-22,11.58
2024-07-23,11.43
2024-07-24,11.41
2024-07-25,11.32
2024-07-26,11.27
2024-07-29,11.27
2024-07-30,11.18
2024-07-31,11.32
2024-08-01,11.29
2024-08-02,11.19
2024-08-05,11.05
2024-08-06,11.01
2024-08-07,11.03
2024-08-08,11.03
2024-08-09,11.01
2024-08-12,11.0
2024-08-13,11.04
2024-08-14,11.0
2024-08-15,11.11
2024-08-16,11.16
2024-08-19,11.24
2024-08-20,11.16
2024-08-21,11.13
2024-08-22,11.14
2024-08-23,11.15
2024-08-26,11.11
2024-08-27,11.14
2024-08-28,11.07
2024-08-29,10.89
2024-08-30,10.86
2024-09-02,10.76
2024-09-03,10.69
2024-09-04,10.6
2024-09-05,10.58
2024-09-06,10.52
2024-09-09,10.39
2024-09-10,10.44
2024-09-11,10.33
2024-09-12,10.31
2024-09-13,10.29
2024-09-18,10.38
2024-09-19,10.42
2024-09-20,10.46
2024-09-23,10.52
2024-09-24,10.97
2024-09-25,11.11
2024-09-26,11.48
2024-09-27,11.77
2024-09-30,12.65
2024-10-08,13.23
2024-10-09,12.38
2024-10-10,12.6
2024-10-11,12.34
2024-10-14,12.59
2024-10-15,12.23
2024-10-16,12.21
2024-10-17,12.07
2024-10-18,12.4
2024-10-21,12.36
2024-10-22,12.32
2024-10-23,12.35
2024-10-24,12.24
2024-10-25,12.26
2024-10-28,12.26
2024-10-29,12.18
2024-10-30,12.03
2024-10-31,11.65
2024-11-01,11.72
2024-11-04,11.83
2024-11-05,12.08
2024-11-06,12.0
2024-11-07,12.34
2024-11-08,12.22
2024-11-11,12.21
2024-11-12,12.06
2024-11-13,12.16
2024-11-14,12.02
2024-11-15,11.88
2024-11-18,11.89
2024-11-19,11.92
2024-11-20,11.93
2024-11-21,11.93
2024-11-22,11.61
2024-11-25,11.57
2024-11-26,11.59
2024-11-27,11.75
2024-11-28,11.67
2024-11-29,11.75
2024-12-02,11.83
2024-12-03,11.89
2024-12-04,11.9
2024-12-05,11.85
2024-12-06,11.99
2024-12-09,12.0
2024-12-10,12.07
2024-12-11,12.03
2024-12-12,12.15
2024-12-13,11.91
2024-12-16,11.97
2024-12-17,11.99
2024-12-18,12.06
2024-12-19,12.03
2024-12-20,11.97
2024-12-23,12.07
2024-12-24,12.23
2024-12-25,12.3
2024-12-26,12.27
2024-12-27,12.25
2024-12-30,12.33
2024-12-31,12.19
2025-01-02,11.84
2025-01-03,11.73
2025-01-06,11.7
2025-01-07,11.75
2025-01-08,11.77
2025-01-09,11.69
2025-01-10,11.55
2025-01-13,11.51
2025-01-14,11.74
2025-01-15,11.68
2025-01-16,11.72
2025-01-17,11.73
2025-01-20,11.72
2025-01-21,11.7
2025-01-22,11.59
2025-01-23,11.68
2025-01-24,11.72
2025-01-27,11.74
2025-02-05,11.62
2025-02-06,11.73
2025-02-07,11.83
2025-02-10,11.85
2025-02-11,11.86
2025-02-12,11.96
2025-02-13,11.93
2025-02-14,12.02
2025-02-17,12.04
2025-02-18,11.99
2025-02-19,12.02
2025-02-20,11.99
2025-02-21,12.09
2025-02-24,12.03
2025-02-25,11.89
2025-02-26,11.96
2025-02-27,12.0
2025-02-28,11.82
2025-03-03,11.81
2025-03-04,11.75
2025-03-05,11.84
2025-03-06,11.94
2025-03-07,11.92
2025-03-10,11.85
2025-03-11,11.89
2025-03-12,11.86
2025-03-13,11.85
2025-03-14,12.12
2025-03-17,12.11
2025-03-18,12.12
2025-03-19,12.15
2025-03-20,12.04
2025-03-21,11.89
2025-03-24,11.92
2025-03-25,11.91
2025-03-26,11.87
2025-03-27,11.9
2025-03-28,11.81
2025-03-31,11.78
2025-04-01,11.78
2025-04-02,11.79
2025-04-03,11.78
2025-04-07,11.07
2025-04-08,11.29
2025-04-09,11.35
2025-04-10,11.44
2025-04-11,11.46
2025-04-14,11.53
2025-04-15,11.57
2025-04-16,11.64
2025-04-17,11.64
2025-04-18,11.65
2025-04-21,11.66
2025-04-22,11.71
2025-04-23,11.68
2025-04-24,11.7
2025-04-25,11.64
2025-04-28,11.65
2025-04-29,11.63
2025-04-30,11.49
2025-05-06,11.56
2025-05-07,11.67
2025-05-08,11.71
2025-05-09,11.71
2025-05-12,11.8
2025-05-13,11.83
2025-05-14,11.97
2025-05-15,11.9
2025-05-16,11.83
2025-05-19,11.79
2025-05-20,11.85
2025-05-21,11.91
2025-05-22,11.91
2025-05-23,11.81
2025-05-26,11.75
2025-05-27,11.72
2025-05-28,11.72
2025-05-29,11.76
2025-05-30,11.73
2025-06-03,11.77
2025-06-04,11.8
2025-06-05,11.83
2025-06-06,11.83
2025-06-09,11.83
2025-06-10,11.79
2025-06-11,12.06
2025-06-12,12.04
2025-06-13,11.99
2025-06-16,12.07
2025-06-17,12.07
2025-06-18,12.11
2025-06-19,12.09
2025-06-20,12.12
2025-06-23,12.2
2025-06-24,12.31
2025-06-25,12.45
2025-06-26,12.44
2025-06-27,12.3
2025-06-30,12.34
2025-07-01,12.39
2025-07-02,12.4
2025-07-03,12.43
2025-07-04,12.5
2025-07-07,12.46
2025-07-08,12.53
2025-07-09,12.54
2025-07-10,12.6
2025-07-11,12.57
2025-07-14,12.59
2025-07-15,12.58
2025-07-16,12.55
2025-07-17,12.57
2025-07-18,12.64
2025-07-21,12.7
2025-07-22,12.77
2025-07-23,12.79
2025-07-24,12.82
2025-07-25,12.74
2025-07-28,12.75
2025-07-29,12.59
2025-07-30,12.63
2025-07-31,12.44
2025-08-01,12.37
2025-08-04,12.42
2025-08-05,12.54
2025-08-06,12.57
2025-08-07,12.58
2025-08-08,12.56
2025-08-11,12.54
2025-08-12,12.62
2025-08-13,12.63
2025-08-14,12.63
2025-08-15,12.65
2025-08-18,12.73
2025-08-19,12.71
2025-08-20,12.83
2025-08-21,12.89
2025-08-22,13.08
2025-08-25,13.27
2025-08-26,13.21
2025-08-27,12.97
2025-08-28,13.16
2025-08-29,13.23
2025-09-01,13.23
2025-09-02,13.23
2025-09-03,13.11
2025-09-04,12.98
2025-09-05,13.1
2025-09-08,13.11
2025-09-09,13.03
2025-09-10,13.08
2025-09-11,13.29
2025-09-12,13.24
2025-09-15,13.24
2025-09-16,13.2
2025-09-17,13.26
2025-09-18,13.08
2025-09-19,13.08
2025-09-22,13.09
2025-09-23,13.14
2025-09-24,13.21
2025-09-25,13.24
2025-09-26,13.16
2025-09-29,13.3
2025-09-30,13.32
2025-10-09,13.5
2025-10-10,13.36
2025-10-13,13.3
2025-10-14,13.26
2025-10-15,13.4
2025-10-16,13.5
2025-10-17,13.27
2025-10-20,13.33
2025-10-21,13.47
2025-10-22,13.47
2025-10-23,13.53
2025-10-24,13.62
2025-10-27,13.75
2025-10-28,13.7
2025-10-29,13.7
2025-10-30,13.57
2025-10-31,13.19
2025-11-03,13.28
2025-11-04,13.25
2025-11-05,13.26
2025-11-06,13.39
2025-11-07,13.35
2025-11-10,13.41
2025-11-11,13.33
2025-11-12,13.38
2025-11-13,13.46
2025-11-14,13.31
2025-11-17,13.2
2025-11-18,13.13
2025-11-19,13.23
2025-11-20,13.22
2025-11-21,12.98
2025-11-24,12.92
2025-11-25,13.02
2025-11-26,13.02
2025-11-27,13.05
2025-11-28,13.04
2025-12-01,13.14
2025-12-02,13.12
2025-12-03,13.04
2025-12-04,13.06
2025-12-05,13.12
2025-12-08,13.18
2025-12-09,13.13
2025-12-10,13.07
2025-12-11,12.99
2025-12-12,13.02
2025-12-15,13.08
2025-12-16,12.97
2025-12-17,13.14
2025-12-18,13.14
2025-12-19,13.15
2025-12-22,13.23
2025-12-23,13.27
2025-12-24,13.29
2025-12-25,13.31
2025-12-26,13.32
2025-12-29,13.32
2025-12-30,13.35
2025-12-31,13.34
2026-01-05,13.49
2026-01-06,13.66
2026-01-07,13.58
2026-01-08,13.49
2026-01-09,13.54
2026-01-12,13.6
2026-01-13,13.59
2026-01-14,13.48
2026-01-15,13.46
2026-01-16,13.38
2026-01-19,13.37
2026-01-20,13.4
2026-01-21,13.35
2026-01-22,13.34
2026-01-23,13.25
2026-01-26,13.32
2026-01-27,13.31
2026-01-28,13.38
2026-01-29,13.5
2026-01-30,13.37
2026-02-02,13.12
2026-02-03,13.18
2026-02-04,13.33
2026-02-05,13.29
2026-02-06,13.25
2026-02-09,13.39
2026-02-10,13.43
2026-02-11,13.43
2026-02-12,13.4
2026-02-13,13.22
2026-02-24,13.36
2026-02-25,13.4
2026-02-26,13.35
2026-02-27,13.33
2026-03-02,13.48
2026-03-03,13.5
2026-03-04,13.34
2026-03-05,13.4
2026-03-06,13.41
2026-03-09,13.38
2026-03-10,13.37
2026-03-11,13.48
2026-03-12,13.48
2026-03-13,13.52
2026-03-16,13.52
2026-03-17,13.48
2026-03-18,13.5
2026-03-19,13.42
2026-03-20,13.36
2026-03-23,12.97
2026-03-24,13.08
2026-03-25,13.2
2026-03-26,13.13
2026-03-27,13.23
2026-03-30,13.29
2026-03-31,13.3
2026-04-01,13.42
2026-04-02,13.36
2026-04-03,13.24
2026-04-07,13.23
2026-04-08,13.49
2026-04-09,13.42
2026-04-10,13.52
2026-04-13,13.56
2026-04-14,13.67
2026-04-15,13.65
2026-04-16,13.72
2026-04-17,13.69
2026-04-20,13.8
2026-04-21,13.85
2026-04-22,13.87
2026-04-23,13.87
2026-04-24,13.81
2026-04-27,13.81
2026-04-28,13.81
2026-04-29,13.9
2026-04-30,13.85
2026-05-06,13.99
2026-05-07,13.97
2026-05-08,13.91
2026-05-11,14.05
2026-05-12,14.02
2026-05-13,14.09
2026-05-14,13.93
2026-05-15,13.82
2026-05-18,13.78
2026-05-19,13.85
2026-05-20,13.79
2026-05-21,13.63
2026-05-22,13.72
2026-05-25,13.86
2026-05-26,13.93
2026-05-27,13.81
2026-05-28,13.8
2026-05-29,13.8
2026-06-01,13.76
2026-06-02,13.91
2026-06-03,13.93
2026-06-04,13.8
2026-06-05,13.65
